LabelName,ImageName,LabelId
(Z) Z,im0.jpg,30
(B) B,im1.jpg,6
(T) T,im100.jpg,24
(B) B,im101.jpg,6
(N) N,im101.jpg,18
(Z) Z,im102.jpg,30
(F) F,im104.jpg,10
(M) M,im105.jpg,17
(H) H,im106.jpg,12
(N) N,im106.jpg,18
(M) M,im107.jpg,17
(1) Other,im107.jpg,31
(B) B,im108.jpg,6
(1) Other,im109.jpg,31
(A) A,im11.jpg,5
(K) K,im110.jpg,15
(R) R,im111.jpg,22
(Q) Q,im112.jpg,21
(1) Other,im113.jpg,31
(V) V,im114.jpg,26
(B) B,im115.jpg,6
(Q) Q,im116.jpg,21
(C) C,im117.jpg,7
(E) E,im118.jpg,9
(I) I,im119.jpg,13
(E) E,im12.jpg,9
(E) E,im120.jpg,9
(I) I,im121.jpg,13
(1) Other,im122.jpg,31
(1) Other,im123.jpg,31
(K) K,im124.jpg,15
(1) Other,im125.jpg,31
(T) T,im126.jpg,24
(F) F,im127.jpg,10
(G) G,im128.jpg,11
(H) H,im129.jpg,12
(C) C,im13.jpg,7
(K) K,im130.jpg,15
(N) N,im131.jpg,18
(O) O,im132.jpg,19
(R) R,im133.jpg,22
(X) X,im134.jpg,28
(P) P,im136.jpg,20
(Z) Z,im137.jpg,30
(B) B,im138.jpg,6
(P) P,im14.jpg,20
(B) B,im140.jpg,6
(1) Other,im141.jpg,31
(1) Other,im142.jpg,31
(P) P,im143.jpg,20
(I) I,im144.jpg,13
(R) R,im145.jpg,22
(H) H,im146.jpg,12
(J) J,im147.jpg,14
(O) O,im148.jpg,19
(E) E,im149.jpg,9
(K) K,im15.jpg,15
(F) F,im150.jpg,10
(A) A,im151.jpg,5
(S) S,im152.jpg,23
(1) Other,im153.jpg,31
(D) D,im154.jpg,8
(C) C,im155.jpg,7
(L) L,im156.jpg,16
(1) Other,im157.jpg,31
(G) G,im158.jpg,11
(C) C,im159.jpg,7
(1) Other,im16.jpg,31
(S) S,im160.jpg,23
(L) L,im161.jpg,16
(C) C,im162.jpg,7
(D) D,im163.jpg,8
(C) C,im164.jpg,7
(A) A,im165.jpg,5
(O) O,im166.jpg,19
(N) N,im167.jpg,18
(1) Other,im168.jpg,31
(1) Other,im169.jpg,31
(P) P,im17.jpg,20
(F) F,im170.jpg,10
(G) G,im171.jpg,11
(C) C,im172.jpg,7
(1) Other,im173.jpg,31
(P) P,im174.jpg,20
(N) N,im175.jpg,18
(1) Other,im176.jpg,31
(1) Other,im179.jpg,31
(W) W,im18.jpg,27
(L) L,im180.jpg,16
(G) G,im181.jpg,11
(F) F,im182.jpg,10
(1) Other,im183.jpg,31
(R) R,im184.jpg,22
(Q) Q,im185.jpg,21
(B) B,im186.jpg,6
(1) Other,im187.jpg,31
(U) U,im188.jpg,25
(B) B,im189.jpg,6
(1) Other,im190.jpg,31
(X) X,im191.jpg,28
(1) Other,im192.jpg,31
(R) R,im193.jpg,22
(1) Other,im194.jpg,31
(K) K,im195.jpg,15
(S) S,im196.jpg,23
(1) Other,im198.jpg,31
(R) R,im199.jpg,22
(D) D,im2.jpg,8
(H) H,im20.jpg,12
(S) S,im200.jpg,23
(L) L,im201.jpg,16
(Q) Q,im202.jpg,21
(E) E,im203.jpg,9
(1) Other,im204.jpg,31
(O) O,im205.jpg,19
(1) Other,im206.jpg,31
(B) B,im207.jpg,6
(F) F,im208.jpg,10
(F) F,im209.jpg,10
(N) N,im21.jpg,18
(T) T,im210.jpg,24
(1) Other,im211.jpg,31
(E) E,im212.jpg,9
(Q) Q,im213.jpg,21
(O) O,im214.jpg,19
(N) N,im215.jpg,18
(1) Other,im216.jpg,31
(N) N,im217.jpg,18
(F) F,im218.jpg,10
(G) G,im219.jpg,11
(E) E,im22.jpg,9
(N) N,im220.jpg,18
(I) I,im221.jpg,13
(D) D,im222.jpg,8
(M) M,im223.jpg,17
(1) Other,im224.jpg,31
(D) D,im225.jpg,8
(M) M,im226.jpg,17
(O) O,im227.jpg,19
(K) K,im228.jpg,15
(T) T,im229.jpg,24
(R) R,im23.jpg,22
(1) Other,im230.jpg,31
(C) C,im231.jpg,7
(F) F,im232.jpg,10
(O) O,im233.jpg,19
(Z) Z,im234.jpg,30
(Q) Q,im235.jpg,21
(H) H,im236.jpg,12
(T) T,im237.jpg,24
(1) Other,im238.jpg,31
(O) O,im239.jpg,19
(X) X,im24.jpg,28
(Z) Z,im240.jpg,30
(R) R,im241.jpg,22
(F) F,im242.jpg,10
(K) K,im243.jpg,15
(I) I,im244.jpg,13
(N) N,im245.jpg,18
(1) Other,im246.jpg,31
(P) P,im247.jpg,20
(J) J,im248.jpg,14
(M) M,im249.jpg,17
(M) M,im250.jpg,17
(M) M,im251.jpg,17
(G) G,im252.jpg,11
(P) P,im253.jpg,20
(F) F,im254.jpg,10
(1) Other,im255.jpg,31
(P) P,im256.jpg,20
(Z) Z,im257.jpg,30
(A) A,im258.jpg,5
(A) A,im259.jpg,5
(T) T,im26.jpg,24
(K) K,im260.jpg,15
(C) C,im261.jpg,7
(R) R,im262.jpg,22
(S) S,im263.jpg,23
(I) I,im264.jpg,13
(1) Other,im265.jpg,31
(D) D,im266.jpg,8
(I) I,im267.jpg,13
(E) E,im268.jpg,9
(D) D,im269.jpg,8
(1) Other,im27.jpg,31
(T) T,im270.jpg,24
(B) B,im271.jpg,6
(1) Other,im272.jpg,31
(1) Other,im273.jpg,31
(1) Other,im274.jpg,31
(T) T,im275.jpg,24
(D) D,im276.jpg,8
(1) Other,im279.jpg,31
(U) U,im28.jpg,25
(B) B,im280.jpg,6
(O) O,im282.jpg,19
(P) P,im283.jpg,20
(1) Other,im284.jpg,31
(1) Other,im285.jpg,31
(S) S,im286.jpg,23
(I) I,im287.jpg,13
(M) M,im288.jpg,17
(H) H,im289.jpg,12
(1) Other,im29.jpg,31
(N) N,im290.jpg,18
(S) S,im291.jpg,23
(1) Other,im292.jpg,31
(A) A,im293.jpg,5
(1) Other,im294.jpg,31
(M) M,im295.jpg,17
(O) O,im296.jpg,19
(Z) Z,im297.jpg,30
(D) D,im298.jpg,8
(1) Other,im299.jpg,31
(H) H,im3.jpg,12
(O) O,im30.jpg,19
(A) A,im300.jpg,5
(C) C,im301.jpg,7
(V) V,im302.jpg,26
(R) R,im303.jpg,22
(L) L,im304.jpg,16
(O) O,im305.jpg,19
(F) F,im306.jpg,10
(B) B,im307.jpg,6
(C) C,im308.jpg,7
(H) H,im309.jpg,12
(O) O,im31.jpg,19
(M) M,im310.jpg,17
(S) S,im311.jpg,23
(E) E,im312.jpg,9
(H) H,im313.jpg,12
(Q) Q,im314.jpg,21
(1) Other,im314.jpg,31
(E) E,im315.jpg,9
(R) R,im317.jpg,22
(1) Other,im318.jpg,31
(1) Other,im319.jpg,31
(U) U,im32.jpg,25
(M) M,im320.jpg,17
(1) Other,im321.jpg,31
(P) P,im322.jpg,20
(B) B,im323.jpg,6
(I) I,im324.jpg,13
(L) L,im324.jpg,16
(1) Other,im325.jpg,31
(1) Other,im326.jpg,31
(C) C,im327.jpg,7
(1) Other,im328.jpg,31
(1) Other,im329.jpg,31
(B) B,im33.jpg,6
(A) A,im330.jpg,5
(D) D,im331.jpg,8
(1) Other,im332.jpg,31
(1) Other,im333.jpg,31
(V) V,im334.jpg,26
(1) Other,im335.jpg,31
(R) R,im336.jpg,22
(B) B,im337.jpg,6
(D) D,im338.jpg,8
(1) Other,im339.jpg,31
(T) T,im340.jpg,24
(1) Other,im341.jpg,31
(U) U,im342.jpg,25
(1) Other,im343.jpg,31
(Q) Q,im345.jpg,21
(T) T,im347.jpg,24
(1) Other,im348.jpg,31
(H) H,im349.jpg,12
(R) R,im35.jpg,22
(1) Other,im350.jpg,31
(I) I,im351.jpg,13
(H) H,im352.jpg,12
(F) F,im353.jpg,10
(B) B,im354.jpg,6
(D) D,im355.jpg,8
(1) Other,im356.jpg,31
(1) Other,im357.jpg,31
(X) X,im358.jpg,28
(S) S,im359.jpg,23
(1) Other,im360.jpg,31
(H) H,im362.jpg,12
(E) E,im363.jpg,9
(1) Other,im364.jpg,31
(U) U,im365.jpg,25
(S) S,im366.jpg,23
(Q) Q,im367.jpg,21
(G) G,im368.jpg,11
(F) F,im369.jpg,10
(E) E,im37.jpg,9
(D) D,im370.jpg,8
(1) Other,im371.jpg,31
(A) A,im372.jpg,5
(B) B,im373.jpg,6
(O) O,im374.jpg,19
(R) R,im375.jpg,22
(1) Other,im376.jpg,31
(B) B,im377.jpg,6
(1) Other,im378.jpg,31
(H) H,im379.jpg,12
(I) I,im38.jpg,13
(U) U,im381.jpg,25
(X) X,im382.jpg,28
(S) S,im384.jpg,23
(P) P,im385.jpg,20
(P) P,im386.jpg,20
(1) Other,im387.jpg,31
(1) Other,im388.jpg,31
(N) N,im389.jpg,18
(P) P,im39.jpg,20
(D) D,im390.jpg,8
(C) C,im391.jpg,7
(A) A,im392.jpg,5
(1) Other,im393.jpg,31
(B) B,im394.jpg,6
(I) I,im395.jpg,13
(K) K,im396.jpg,15
(R) R,im397.jpg,22
(1) Other,im398.jpg,31
(1) Other,im399.jpg,31
(R) R,im4.jpg,22
(N) N,im40.jpg,18
(T) T,im400.jpg,24
(K) K,im401.jpg,15
(N) N,im402.jpg,18
(1) Other,im403.jpg,31
(A) A,im404.jpg,5
(D) D,im405.jpg,8
(U) U,im407.jpg,25
(1) Other,im408.jpg,31
(E) E,im409.jpg,9
(C) C,im41.jpg,7
(D) D,im411.jpg,8
(G) G,im412.jpg,11
(F) F,im413.jpg,10
(R) R,im414.jpg,22
(A) A,im415.jpg,5
(R) R,im416.jpg,22
(B) B,im417.jpg,6
(N) N,im418.jpg,18
(U) U,im419.jpg,25
(1) Other,im42.jpg,31
(1) Other,im420.jpg,31
(H) H,im421.jpg,12
(D) D,im422.jpg,8
(B) B,im423.jpg,6
(1) Other,im424.jpg,31
(1) Other,im425.jpg,31
(1) Other,im426.jpg,31
(I) I,im427.jpg,13
(M) M,im428.jpg,17
(H) H,im429.jpg,12
(O) O,im430.jpg,19
(1) Other,im431.jpg,31
(A) A,im432.jpg,5
(1) Other,im433.jpg,31
(D) D,im434.jpg,8
(L) L,im436.jpg,16
(U) U,im437.jpg,25
(T) T,im438.jpg,24
(K) K,im439.jpg,15
(K) K,im44.jpg,15
(D) D,im440.jpg,8
(P) P,im441.jpg,20
(J) J,im442.jpg,14
(B) B,im443.jpg,6
(C) C,im444.jpg,7
(E) E,im445.jpg,9
(I) I,im446.jpg,13
(I) I,im447.jpg,13
(A) A,im448.jpg,5
(S) S,im448.jpg,23
(R) R,im449.jpg,22
(N) N,im450.jpg,18
(G) G,im451.jpg,11
(U) U,im452.jpg,25
(H) H,im453.jpg,12
(K) K,im454.jpg,15
(U) U,im455.jpg,25
(S) S,im456.jpg,23
(O) O,im457.jpg,19
(1) Other,im458.jpg,31
(1) Other,im46.jpg,31
(U) U,im460.jpg,25
(1) Other,im461.jpg,31
(1) Other,im462.jpg,31
(N) N,im463.jpg,18
(P) P,im464.jpg,20
(V) V,im465.jpg,26
(A) A,im466.jpg,5
(D) D,im467.jpg,8
(T) T,im468.jpg,24
(D) D,im469.jpg,8
(B) B,im47.jpg,6
(C) C,im470.jpg,7
(B) B,im471.jpg,6
(1) Other,im472.jpg,31
(A) A,im473.jpg,5
(B) B,im474.jpg,6
(1) Other,im475.jpg,31
(1) Other,im476.jpg,31
(N) N,im477.jpg,18
(U) U,im477.jpg,25
(1) Other,im477.jpg,31
(R) R,im478.jpg,22
(1) Other,im479.jpg,31
(V) V,im48.jpg,26
(T) T,im481.jpg,24
(K) K,im482.jpg,15
(U) U,im483.jpg,25
(A) A,im484.jpg,5
(1) Other,im485.jpg,31
(R) R,im486.jpg,22
(G) G,im487.jpg,11
(D) D,im488.jpg,8
(1) Other,im489.jpg,31
(F) F,im491.jpg,10
(D) D,im492.jpg,8
(1) Other,im493.jpg,31
(1) Other,im494.jpg,31
(1) Other,im495.jpg,31
(N) N,im496.jpg,18
(K) K,im497.jpg,15
(M) M,im498.jpg,17
(K) K,im499.jpg,15
(I) I,im5.jpg,13
(F) F,im50.jpg,10
(A) A,im500.jpg,5
(D) D,im502.jpg,8
(1) Other,im503.jpg,31
(P) P,im504.jpg,20
(A) A,im505.jpg,5
(1) Other,im506.jpg,31
(1) Other,im507.jpg,31
(R) R,im508.jpg,22
(C) C,im509.jpg,7
(R) R,im51.jpg,22
(G) G,im510.jpg,11
(G) G,im511.jpg,11
(1) Other,im512.jpg,31
(N) N,im513.jpg,18
(K) K,im514.jpg,15
(A) A,im515.jpg,5
(Y) Y,im516.jpg,29
(B) B,im517.jpg,6
(T) T,im518.jpg,24
(R) R,im519.jpg,22
(S) S,im52.jpg,23
(D) D,im520.jpg,8
(K) K,im521.jpg,15
(T) T,im522.jpg,24
(E) E,im523.jpg,9
(Z) Z,im524.jpg,30
(I) I,im525.jpg,13
(H) H,im526.jpg,12
(1) Other,im527.jpg,31
(Q) Q,im528.jpg,21
(L) L,im529.jpg,16
(H) H,im53.jpg,12
(Q) Q,im530.jpg,21
(T) T,im531.jpg,24
(Y) Y,im532.jpg,29
(Q) Q,im533.jpg,21
(O) O,im534.jpg,19
(E) E,im535.jpg,9
(I) I,im536.jpg,13
(M) M,im537.jpg,17
(L) L,im538.jpg,16
(F) F,im539.jpg,10
(K) K,im54.jpg,15
(1) Other,im540.jpg,31
(Q) Q,im542.jpg,21
(S) S,im543.jpg,23
(N) N,im544.jpg,18
(R) R,im545.jpg,22
(1) Other,im546.jpg,31
(1) Other,im547.jpg,31
(1) Other,im549.jpg,31
(E) E,im55.jpg,9
(P) P,im550.jpg,20
(J) J,im551.jpg,14
(1) Other,im552.jpg,31
(L) L,im553.jpg,16
(O) O,im554.jpg,19
(P) P,im555.jpg,20
(A) A,im556.jpg,5
(1) Other,im557.jpg,31
(I) I,im558.jpg,13
(M) M,im559.jpg,17
(1) Other,im56.jpg,31
(1) Other,im560.jpg,31
(C) C,im561.jpg,7
(C) C,im562.jpg,7
(G) G,im563.jpg,11
(T) T,im564.jpg,24
(H) H,im566.jpg,12
(H) H,im567.jpg,12
(1) Other,im568.jpg,31
(K) K,im569.jpg,15
(1) Other,im57.jpg,31
(1) Other,im570.jpg,31
(R) R,im571.jpg,22
(Q) Q,im572.jpg,21
(M) M,im573.jpg,17
(Q) Q,im574.jpg,21
(A) A,im575.jpg,5
(1) Other,im576.jpg,31
(U) U,im577.jpg,25
(T) T,im578.jpg,24
(K) K,im579.jpg,15
(K) K,im58.jpg,15
(A) A,im580.jpg,5
(H) H,im581.jpg,12
(U) U,im582.jpg,25
(A) A,im583.jpg,5
(1) Other,im584.jpg,31
(E) E,im585.jpg,9
(Q) Q,im586.jpg,21
(1) Other,im587.jpg,31
(1) Other,im589.jpg,31
(1) Other,im59.jpg,31
(B) B,im590.jpg,6
(D) D,im591.jpg,8
(1) Other,im592.jpg,31
(1) Other,im593.jpg,31
(O) O,im594.jpg,19
(1) Other,im595.jpg,31
(A) A,im596.jpg,5
(K) K,im597.jpg,15
(E) E,im598.jpg,9
(I) I,im599.jpg,13
(1) Other,im6.jpg,31
(Y) Y,im60.jpg,29
(O) O,im601.jpg,19
(F) F,im602.jpg,10
(L) L,im603.jpg,16
(Q) Q,im604.jpg,21
(F) F,im605.jpg,10
(1) Other,im606.jpg,31
(H) H,im607.jpg,12
(D) D,im608.jpg,8
(G) G,im609.jpg,11
(1) Other,im61.jpg,31
(R) R,im610.jpg,22
(T) T,im611.jpg,24
(L) L,im613.jpg,16
(K) K,im615.jpg,15
(P) P,im616.jpg,20
(O) O,im617.jpg,19
(F) F,im619.jpg,10
(1) Other,im62.jpg,31
(Z) Z,im620.jpg,30
(A) A,im621.jpg,5
(1) Other,im622.jpg,31
(N) N,im623.jpg,18
(S) S,im624.jpg,23
(C) C,im625.jpg,7
(N) N,im626.jpg,18
(S) S,im627.jpg,23
(M) M,im628.jpg,17
(I) I,im629.jpg,13
(F) F,im63.jpg,10
(U) U,im630.jpg,25
(F) F,im631.jpg,10
(L) L,im632.jpg,16
(1) Other,im633.jpg,31
(K) K,im634.jpg,15
(D) D,im635.jpg,8
(P) P,im636.jpg,20
(L) L,im637.jpg,16
(N) N,im638.jpg,18
(1) Other,im639.jpg,31
(N) N,im64.jpg,18
(H) H,im640.jpg,12
(A) A,im641.jpg,5
(B) B,im642.jpg,6
(1) Other,im643.jpg,31
(1) Other,im644.jpg,31
(F) F,im645.jpg,10
(Z) Z,im646.jpg,30
(O) O,im647.jpg,19
(Q) Q,im648.jpg,21
(B) B,im649.jpg,6
(B) B,im65.jpg,6
(T) T,im650.jpg,24
(K) K,im651.jpg,15
(1) Other,im652.jpg,31
(B) B,im653.jpg,6
(Q) Q,im654.jpg,21
(L) L,im655.jpg,16
(P) P,im656.jpg,20
(1) Other,im657.jpg,31
(L) L,im658.jpg,16
(C) C,im659.jpg,7
(1) Other,im66.jpg,31
(1) Other,im660.jpg,31
(1) Other,im661.jpg,31
(1) Other,im662.jpg,31
(U) U,im663.jpg,25
(Q) Q,im664.jpg,21
(P) P,im665.jpg,20
(T) T,im666.jpg,24
(M) M,im667.jpg,17
(D) D,im669.jpg,8
(P) P,im67.jpg,20
(G) G,im670.jpg,11
(S) S,im671.jpg,23
(1) Other,im672.jpg,31
(1) Other,im673.jpg,31
(1) Other,im674.jpg,31
(T) T,im676.jpg,24
(B) B,im677.jpg,6
(M) M,im679.jpg,17
(E) E,im68.jpg,9
(O) O,im680.jpg,19
(1) Other,im681.jpg,31
(J) J,im682.jpg,14
(1) Other,im683.jpg,31
(1) Other,im684.jpg,31
(U) U,im685.jpg,25
(J) J,im686.jpg,14
(J) J,im688.jpg,14
(A) A,im689.jpg,5
(O) O,im690.jpg,19
(Z) Z,im691.jpg,30
(G) G,im692.jpg,11
(D) D,im693.jpg,8
(T) T,im694.jpg,24
(1) Other,im695.jpg,31
(L) L,im696.jpg,16
(1) Other,im697.jpg,31
(1) Other,im698.jpg,31
(1) Other,im699.jpg,31
(N) N,im7.jpg,18
(M) M,im70.jpg,17
(B) B,im700.jpg,6
(1) Other,im701.jpg,31
(K) K,im702.jpg,15
(1) Other,im703.jpg,31
(S) S,im704.jpg,23
(G) G,im705.jpg,11
(F) F,im706.jpg,10
(S) S,im707.jpg,23
(O) O,im708.jpg,19
(F) F,im709.jpg,10
(B) B,im71.jpg,6
(W) W,im710.jpg,27
(J) J,im711.jpg,14
(T) T,im712.jpg,24
(1) Other,im713.jpg,31
(P) P,im714.jpg,20
(M) M,im715.jpg,17
(W) W,im716.jpg,27
(G) G,im717.jpg,11
(H) H,im718.jpg,12
(1) Other,im719.jpg,31
(1) Other,im72.jpg,31
(1) Other,im720.jpg,31
(1) Other,im721.jpg,31
(U) U,im723.jpg,25
(N) N,im724.jpg,18
(1) Other,im725.jpg,31
(1) Other,im726.jpg,31
(U) U,im727.jpg,25
(T) T,im729.jpg,24
(1) Other,im73.jpg,31
(D) D,im730.jpg,8
(D) D,im731.jpg,8
(M) M,im732.jpg,17
(R) R,im734.jpg,22
(C) C,im735.jpg,7
(1) Other,im737.jpg,31
(R) R,im738.jpg,22
(1) Other,im739.jpg,31
(E) E,im74.jpg,9
(1) Other,im740.jpg,31
(K) K,im741.jpg,15
(O) O,im742.jpg,19
(V) V,im743.jpg,26
(1) Other,im744.jpg,31
(1) Other,im745.jpg,31
(1) Other,im746.jpg,31
(F) F,im747.jpg,10
(A) A,im748.jpg,5
(1) Other,im749.jpg,31
(K) K,im75.jpg,15
(O) O,im750.jpg,19
(C) C,im751.jpg,7
(Y) Y,im753.jpg,29
(Q) Q,im754.jpg,21
(1) Other,im756.jpg,31
(H) H,im758.jpg,12
(O) O,im759.jpg,19
(P) P,im76.jpg,20
(N) N,im760.jpg,18
(1) Other,im761.jpg,31
(D) D,im762.jpg,8
(T) T,im763.jpg,24
(K) K,im764.jpg,15
(R) R,im765.jpg,22
(1) Other,im766.jpg,31
(C) C,im767.jpg,7
(P) P,im768.jpg,20
(N) N,im769.jpg,18
(S) S,im77.jpg,23
(M) M,im770.jpg,17
(Q) Q,im771.jpg,21
(W) W,im772.jpg,27
(R) R,im773.jpg,22
(S) S,im774.jpg,23
(V) V,im775.jpg,26
(D) D,im776.jpg,8
(Z) Z,im777.jpg,30
(Q) Q,im778.jpg,21
(L) L,im78.jpg,16
(1) Other,im780.jpg,31
(P) P,im782.jpg,20
(1) Other,im783.jpg,31
(O) O,im784.jpg,19
(D) D,im785.jpg,8
(Q) Q,im786.jpg,21
(K) K,im787.jpg,15
(V) V,im789.jpg,26
(1) Other,im79.jpg,31
(B) B,im790.jpg,6
(B) B,im791.jpg,6
(B) B,im792.jpg,6
(O) O,im793.jpg,19
(F) F,im794.jpg,10
(1) Other,im795.jpg,31
(1) Other,im796.jpg,31
(R) R,im797.jpg,22
(D) D,im798.jpg,8
(N) N,im799.jpg,18
(C) C,im8.jpg,7
(B) B,im80.jpg,6
(R) R,im800.jpg,22
(T) T,im801.jpg,24
(P) P,im802.jpg,20
(1) Other,im803.jpg,31
(1) Other,im804.jpg,31
(I) I,im805.jpg,13
(1) Other,im806.jpg,31
(T) T,im807.jpg,24
(M) M,im808.jpg,17
(M) M,im809.jpg,17
(F) F,im81.jpg,10
(D) D,im810.jpg,8
(1) Other,im811.jpg,31
(1) Other,im812.jpg,31
(B) B,im813.jpg,6
(I) I,im814.jpg,13
(1) Other,im815.jpg,31
(M) M,im816.jpg,17
(Z) Z,im817.jpg,30
(M) M,im818.jpg,17
(F) F,im819.jpg,10
(S) S,im820.jpg,23
(X) X,im821.jpg,28
(F) F,im822.jpg,10
(M) M,im823.jpg,17
(P) P,im824.jpg,20
(D) D,im825.jpg,8
(1) Other,im826.jpg,31
(R) R,im827.jpg,22
(L) L,im828.jpg,16
(R) R,im829.jpg,22
(1) Other,im83.jpg,31
(N) N,im830.jpg,18
(B) B,im831.jpg,6
(Q) Q,im832.jpg,21
(1) Other,im833.jpg,31
(D) D,im834.jpg,8
(P) P,im835.jpg,20
(1) Other,im836.jpg,31
(1) Other,im837.jpg,31
(B) B,im838.jpg,6
(1) Other,im839.jpg,31
(1) Other,im84.jpg,31
(C) C,im840.jpg,7
(E) E,im841.jpg,9
(Z) Z,im842.jpg,30
(G) G,im843.jpg,11
(S) S,im844.jpg,23
(E) E,im845.jpg,9
(1) Other,im846.jpg,31
(1) Other,im847.jpg,31
(1) Other,im848.jpg,31
(D) D,im85.jpg,8
(G) G,im850.jpg,11
(R) R,im851.jpg,22
(O) O,im852.jpg,19
(M) M,im853.jpg,17
(1) Other,im854.jpg,31
(1) Other,im855.jpg,31
(1) Other,im857.jpg,31
(1) Other,im858.jpg,31
(I) I,im859.jpg,13
(G) G,im86.jpg,11
(1) Other,im860.jpg,31
(R) R,im861.jpg,22
(L) L,im862.jpg,16
(1) Other,im863.jpg,31
(1) Other,im864.jpg,31
(P) P,im865.jpg,20
(C) C,im866.jpg,7
(K) K,im867.jpg,15
(T) T,im868.jpg,24
(O) O,im869.jpg,19
(Q) Q,im87.jpg,21
(I) I,im870.jpg,13
(M) M,im871.jpg,17
(A) A,im873.jpg,5
(1) Other,im874.jpg,31
(A) A,im875.jpg,5
(O) O,im876.jpg,19
(1) Other,im877.jpg,31
(D) D,im878.jpg,8
(F) F,im879.jpg,10
(1) Other,im88.jpg,31
(D) D,im880.jpg,8
(1) Other,im881.jpg,31
(1) Other,im882.jpg,31
(1) Other,im883.jpg,31
(D) D,im884.jpg,8
(Z) Z,im885.jpg,30
(O) O,im886.jpg,19
(U) U,im887.jpg,25
(K) K,im888.jpg,15
(O) O,im89.jpg,19
(B) B,im890.jpg,6
(U) U,im891.jpg,25
(1) Other,im892.jpg,31
(Q) Q,im893.jpg,21
(A) A,im894.jpg,5
(Q) Q,im895.jpg,21
(I) I,im896.jpg,13
(O) O,im897.jpg,19
(O) O,im898.jpg,19
(V) V,im899.jpg,26
(S) S,im9.jpg,23
(Q) Q,im90.jpg,21
(D) D,im900.jpg,8
(N) N,im901.jpg,18
(R) R,im903.jpg,22
(T) T,im904.jpg,24
(K) K,im905.jpg,15
(T) T,im906.jpg,24
(1) Other,im907.jpg,31
(T) T,im908.jpg,24
(E) E,im909.jpg,9
(1) Other,im91.jpg,31
(L) L,im910.jpg,16
(1) Other,im911.jpg,31
(P) P,im912.jpg,20
(T) T,im913.jpg,24
(M) M,im914.jpg,17
(Q) Q,im915.jpg,21
(S) S,im916.jpg,23
(M) M,im917.jpg,17
(F) F,im918.jpg,10
(R) R,im919.jpg,22
(G) G,im92.jpg,11
(N) N,im920.jpg,18
(1) Other,im921.jpg,31
(A) A,im922.jpg,5
(D) D,im923.jpg,8
(V) V,im924.jpg,26
(R) R,im925.jpg,22
(E) E,im926.jpg,9
(F) F,im928.jpg,10
(S) S,im929.jpg,23
(R) R,im93.jpg,22
(1) Other,im930.jpg,31
(1) Other,im932.jpg,31
(I) I,im933.jpg,13
(D) D,im934.jpg,8
(1) Other,im935.jpg,31
(K) K,im936.jpg,15
(N) N,im937.jpg,18
(1) Other,im938.jpg,31
(L) L,im939.jpg,16
(U) U,im94.jpg,25
(H) H,im940.jpg,12
(T) T,im941.jpg,24
(1) Other,im942.jpg,31
(M) M,im943.jpg,17
(R) R,im944.jpg,22
(E) E,im945.jpg,9
(U) U,im946.jpg,25
(D) D,im947.jpg,8
(T) T,im948.jpg,24
(E) E,im949.jpg,9
(Q) Q,im95.jpg,21
(P) P,im950.jpg,20
(M) M,im951.jpg,17
(1) Other,im952.jpg,31
(D) D,im953.jpg,8
(1) Other,im954.jpg,31
(Z) Z,im955.jpg,30
(C) C,im956.jpg,7
(A) A,im957.jpg,5
(R) R,im958.jpg,22
(1) Other,im959.jpg,31
(T) T,im96.jpg,24
(1) Other,im960.jpg,31
(1) Other,im961.jpg,31
(O) O,im962.jpg,19
(O) O,im963.jpg,19
(Z) Z,im965.jpg,30
(1) Other,im966.jpg,31
(1) Other,im967.jpg,31
(L) L,im968.jpg,16
(A) A,im969.jpg,5
(H) H,im97.jpg,12
(M) M,im970.jpg,17
(A) A,im972.jpg,5
(U) U,im973.jpg,25
(M) M,im974.jpg,17
(G) G,im975.jpg,11
(P) P,im976.jpg,20
(1) Other,im977.jpg,31
(L) L,im978.jpg,16
(M) M,im979.jpg,17
(E) E,im98.jpg,9
(I) I,im980.jpg,13
(L) L,im981.jpg,16
(N) N,im982.jpg,18
(1) Other,im983.jpg,31
(L) L,im984.jpg,16
(U) U,im985.jpg,25
(L) L,im986.jpg,16
(P) P,im987.jpg,20
(U) U,im99.jpg,25
(Z) Z,im990.jpg,30
(T) T,im991.jpg,24
(E) E,im992.jpg,9
(S) S,im993.jpg,23
(1) Other,im994.jpg,31
(1) Other,im995.jpg,31
(P) P,im997.jpg,20
(1) Other,im998.jpg,31
