ImageName,LabelId,LabelName
im0.jpg,25,Z
im1.jpg,1,B
im100.jpg,19,T
im101.jpg,1,B
im101.jpg,13,N
im102.jpg,25,Z
im104.jpg,5,F
im105.jpg,12,M
im106.jpg,7,H
im106.jpg,13,N
im107.jpg,12,M
im107.jpg,26,Other
im108.jpg,1,B
im109.jpg,26,Other
im11.jpg,0,A
im110.jpg,10,K
im111.jpg,17,R
im112.jpg,16,Q
im113.jpg,26,Other
im114.jpg,21,V
im115.jpg,1,B
im116.jpg,16,Q
im117.jpg,2,C
im118.jpg,4,E
im119.jpg,8,I
im12.jpg,4,E
im120.jpg,4,E
im121.jpg,8,I
im122.jpg,26,Other
im123.jpg,26,Other
im124.jpg,10,K
im125.jpg,26,Other
im126.jpg,19,T
im127.jpg,5,F
im128.jpg,6,G
im129.jpg,7,H
im13.jpg,2,C
im130.jpg,10,K
im131.jpg,13,N
im132.jpg,14,O
im133.jpg,17,R
im134.jpg,23,X
im136.jpg,15,P
im137.jpg,25,Z
im138.jpg,1,B
im14.jpg,15,P
im140.jpg,1,B
im141.jpg,26,Other
im142.jpg,26,Other
im143.jpg,15,P
im144.jpg,8,I
im145.jpg,17,R
im146.jpg,7,H
im147.jpg,9,J
im148.jpg,14,O
im149.jpg,4,E
im15.jpg,10,K
im150.jpg,5,F
im151.jpg,0,A
im152.jpg,18,S
im153.jpg,26,Other
im154.jpg,3,D
im155.jpg,2,C
im156.jpg,11,L
im157.jpg,26,Other
im158.jpg,6,G
im159.jpg,2,C
im16.jpg,26,Other
im160.jpg,18,S
im161.jpg,11,L
im162.jpg,2,C
im163.jpg,3,D
im164.jpg,2,C
im165.jpg,0,A
im166.jpg,14,O
im167.jpg,13,N
im168.jpg,26,Other
im169.jpg,26,Other
im17.jpg,15,P
im170.jpg,5,F
im171.jpg,6,G
im172.jpg,2,C
im173.jpg,26,Other
im174.jpg,15,P
im175.jpg,13,N
im176.jpg,26,Other
im179.jpg,26,Other
im18.jpg,22,W
im180.jpg,11,L
im181.jpg,6,G
im182.jpg,5,F
im183.jpg,26,Other
im184.jpg,17,R
im185.jpg,16,Q
im186.jpg,1,B
im187.jpg,26,Other
im188.jpg,20,U
im189.jpg,1,B
im190.jpg,26,Other
im191.jpg,23,X
im192.jpg,26,Other
im193.jpg,17,R
im194.jpg,26,Other
im195.jpg,10,K
im196.jpg,18,S
im198.jpg,26,Other
im199.jpg,17,R
im2.jpg,3,D
im20.jpg,7,H
im200.jpg,18,S
im201.jpg,11,L
im202.jpg,16,Q
im203.jpg,4,E
im204.jpg,26,Other
im205.jpg,14,O
im206.jpg,26,Other
im207.jpg,1,B
im208.jpg,5,F
im209.jpg,5,F
im21.jpg,13,N
im210.jpg,19,T
im211.jpg,26,Other
im212.jpg,4,E
im213.jpg,16,Q
im214.jpg,14,O
im215.jpg,13,N
im216.jpg,26,Other
im217.jpg,13,N
im218.jpg,5,F
im219.jpg,6,G
im22.jpg,4,E
im220.jpg,13,N
im221.jpg,8,I
im222.jpg,3,D
im223.jpg,12,M
im224.jpg,26,Other
im225.jpg,3,D
im226.jpg,12,M
im227.jpg,14,O
im228.jpg,10,K
im229.jpg,19,T
im23.jpg,17,R
im230.jpg,26,Other
im231.jpg,2,C
im232.jpg,5,F
im233.jpg,14,O
im234.jpg,25,Z
im235.jpg,16,Q
im236.jpg,7,H
im237.jpg,19,T
im238.jpg,26,Other
im239.jpg,14,O
im24.jpg,23,X
im240.jpg,25,Z
im241.jpg,17,R
im242.jpg,5,F
im243.jpg,10,K
im244.jpg,8,I
im245.jpg,13,N
im246.jpg,26,Other
im247.jpg,15,P
im248.jpg,9,J
im249.jpg,12,M
im250.jpg,12,M
im251.jpg,12,M
im252.jpg,6,G
im253.jpg,15,P
im254.jpg,5,F
im255.jpg,26,Other
im256.jpg,15,P
im257.jpg,25,Z
im258.jpg,0,A
im259.jpg,0,A
im26.jpg,19,T
im260.jpg,10,K
im261.jpg,2,C
im262.jpg,17,R
im263.jpg,18,S
im264.jpg,8,I
im265.jpg,26,Other
im266.jpg,3,D
im267.jpg,8,I
im268.jpg,4,E
im269.jpg,3,D
im27.jpg,26,Other
im270.jpg,19,T
im271.jpg,1,B
im272.jpg,26,Other
im273.jpg,26,Other
im274.jpg,26,Other
im275.jpg,19,T
im276.jpg,3,D
im279.jpg,26,Other
im28.jpg,20,U
im280.jpg,1,B
im282.jpg,14,O
im283.jpg,15,P
im284.jpg,26,Other
im285.jpg,26,Other
im286.jpg,18,S
im287.jpg,8,I
im288.jpg,12,M
im289.jpg,7,H
im29.jpg,26,Other
im290.jpg,13,N
im291.jpg,18,S
im292.jpg,26,Other
im293.jpg,0,A
im294.jpg,26,Other
im295.jpg,12,M
im296.jpg,14,O
im297.jpg,25,Z
im298.jpg,3,D
im299.jpg,26,Other
im3.jpg,7,H
im30.jpg,14,O
im300.jpg,0,A
im301.jpg,2,C
im302.jpg,21,V
im303.jpg,17,R
im304.jpg,11,L
im305.jpg,14,O
im306.jpg,5,F
im307.jpg,1,B
im308.jpg,2,C
im309.jpg,7,H
im31.jpg,14,O
im310.jpg,12,M
im311.jpg,18,S
im312.jpg,4,E
im313.jpg,7,H
im314.jpg,16,Q
im314.jpg,26,Other
im315.jpg,4,E
im317.jpg,17,R
im318.jpg,26,Other
im319.jpg,26,Other
im32.jpg,20,U
im320.jpg,12,M
im321.jpg,26,Other
im322.jpg,15,P
im323.jpg,1,B
im324.jpg,8,I
im324.jpg,11,L
im325.jpg,26,Other
im326.jpg,26,Other
im327.jpg,2,C
im328.jpg,26,Other
im329.jpg,26,Other
im33.jpg,1,B
im330.jpg,0,A
im331.jpg,3,D
im332.jpg,26,Other
im333.jpg,26,Other
im334.jpg,21,V
im335.jpg,26,Other
im336.jpg,17,R
im337.jpg,1,B
im338.jpg,3,D
im339.jpg,26,Other
im340.jpg,19,T
im341.jpg,26,Other
im342.jpg,20,U
im343.jpg,26,Other
im345.jpg,16,Q
im347.jpg,19,T
im348.jpg,26,Other
im349.jpg,7,H
im35.jpg,17,R
im350.jpg,26,Other
im351.jpg,8,I
im352.jpg,7,H
im353.jpg,5,F
im354.jpg,1,B
im355.jpg,3,D
im356.jpg,26,Other
im357.jpg,26,Other
im358.jpg,23,X
im359.jpg,18,S
im360.jpg,26,Other
im362.jpg,7,H
im363.jpg,4,E
im364.jpg,26,Other
im365.jpg,20,U
im366.jpg,18,S
im367.jpg,16,Q
im368.jpg,6,G
im369.jpg,5,F
im37.jpg,4,E
im370.jpg,3,D
im371.jpg,26,Other
im372.jpg,0,A
im373.jpg,1,B
im374.jpg,14,O
im375.jpg,17,R
im376.jpg,26,Other
im377.jpg,1,B
im378.jpg,26,Other
im379.jpg,7,H
im38.jpg,8,I
im381.jpg,20,U
im382.jpg,23,X
im384.jpg,18,S
im385.jpg,15,P
im386.jpg,15,P
im387.jpg,26,Other
im388.jpg,26,Other
im389.jpg,13,N
im39.jpg,15,P
im390.jpg,3,D
im391.jpg,2,C
im392.jpg,0,A
im393.jpg,26,Other
im394.jpg,1,B
im395.jpg,8,I
im396.jpg,10,K
im397.jpg,17,R
im398.jpg,26,Other
im399.jpg,26,Other
im4.jpg,17,R
im40.jpg,13,N
im400.jpg,19,T
im401.jpg,10,K
im402.jpg,13,N
im403.jpg,26,Other
im404.jpg,0,A
im405.jpg,3,D
im407.jpg,20,U
im408.jpg,26,Other
im409.jpg,4,E
im41.jpg,2,C
im411.jpg,3,D
im412.jpg,6,G
im413.jpg,5,F
im414.jpg,17,R
im415.jpg,0,A
im416.jpg,17,R
im417.jpg,1,B
im418.jpg,13,N
im419.jpg,20,U
im42.jpg,26,Other
im420.jpg,26,Other
im421.jpg,7,H
im422.jpg,3,D
im423.jpg,1,B
im424.jpg,26,Other
im425.jpg,26,Other
im426.jpg,26,Other
im427.jpg,8,I
im428.jpg,12,M
im429.jpg,7,H
im430.jpg,14,O
im431.jpg,26,Other
im432.jpg,0,A
im433.jpg,26,Other
im434.jpg,3,D
im436.jpg,11,L
im437.jpg,20,U
im438.jpg,19,T
im439.jpg,10,K
im44.jpg,10,K
im440.jpg,3,D
im441.jpg,15,P
im442.jpg,9,J
im443.jpg,1,B
im444.jpg,2,C
im445.jpg,4,E
im446.jpg,8,I
im447.jpg,8,I
im448.jpg,0,A
im448.jpg,18,S
im449.jpg,17,R
im450.jpg,13,N
im451.jpg,6,G
im452.jpg,20,U
im453.jpg,7,H
im454.jpg,10,K
im455.jpg,20,U
im456.jpg,18,S
im457.jpg,14,O
im458.jpg,26,Other
im46.jpg,26,Other
im460.jpg,20,U
im461.jpg,26,Other
im462.jpg,26,Other
im463.jpg,13,N
im464.jpg,15,P
im465.jpg,21,V
im466.jpg,0,A
im467.jpg,3,D
im468.jpg,19,T
im469.jpg,3,D
im47.jpg,1,B
im470.jpg,2,C
im471.jpg,1,B
im472.jpg,26,Other
im473.jpg,0,A
im474.jpg,1,B
im475.jpg,26,Other
im476.jpg,26,Other
im477.jpg,13,N
im477.jpg,20,U
im477.jpg,26,Other
im478.jpg,17,R
im479.jpg,26,Other
im48.jpg,21,V
im481.jpg,19,T
im482.jpg,10,K
im483.jpg,20,U
im484.jpg,0,A
im485.jpg,26,Other
im486.jpg,17,R
im487.jpg,6,G
im488.jpg,3,D
im489.jpg,26,Other
im491.jpg,5,F
im492.jpg,3,D
im493.jpg,26,Other
im494.jpg,26,Other
im495.jpg,26,Other
im496.jpg,13,N
im497.jpg,10,K
im498.jpg,12,M
im499.jpg,10,K
im5.jpg,8,I
im50.jpg,5,F
im500.jpg,0,A
im502.jpg,3,D
im503.jpg,26,Other
im504.jpg,15,P
im505.jpg,0,A
im506.jpg,26,Other
im507.jpg,26,Other
im508.jpg,17,R
im509.jpg,2,C
im51.jpg,17,R
im510.jpg,6,G
im511.jpg,6,G
im512.jpg,26,Other
im513.jpg,13,N
im514.jpg,10,K
im515.jpg,0,A
im516.jpg,24,Y
im517.jpg,1,B
im518.jpg,19,T
im519.jpg,17,R
im52.jpg,18,S
im520.jpg,3,D
im521.jpg,10,K
im522.jpg,19,T
im523.jpg,4,E
im524.jpg,25,Z
im525.jpg,8,I
im526.jpg,7,H
im527.jpg,26,Other
im528.jpg,16,Q
im529.jpg,11,L
im53.jpg,7,H
im530.jpg,16,Q
im531.jpg,19,T
im532.jpg,24,Y
im533.jpg,16,Q
im534.jpg,14,O
im535.jpg,4,E
im536.jpg,8,I
im537.jpg,12,M
im538.jpg,11,L
im539.jpg,5,F
im54.jpg,10,K
im540.jpg,26,Other
im542.jpg,16,Q
im543.jpg,18,S
im544.jpg,13,N
im545.jpg,17,R
im546.jpg,26,Other
im547.jpg,26,Other
im549.jpg,26,Other
im55.jpg,4,E
im550.jpg,15,P
im551.jpg,9,J
im552.jpg,26,Other
im553.jpg,11,L
im554.jpg,14,O
im555.jpg,15,P
im556.jpg,0,A
im557.jpg,26,Other
im558.jpg,8,I
im559.jpg,12,M
im56.jpg,26,Other
im560.jpg,26,Other
im561.jpg,2,C
im562.jpg,2,C
im563.jpg,6,G
im564.jpg,19,T
im566.jpg,7,H
im567.jpg,7,H
im568.jpg,26,Other
im569.jpg,10,K
im57.jpg,26,Other
im570.jpg,26,Other
im571.jpg,17,R
im572.jpg,16,Q
im573.jpg,12,M
im574.jpg,16,Q
im575.jpg,0,A
im576.jpg,26,Other
im577.jpg,20,U
im578.jpg,19,T
im579.jpg,10,K
im58.jpg,10,K
im580.jpg,0,A
im581.jpg,7,H
im582.jpg,20,U
im583.jpg,0,A
im584.jpg,26,Other
im585.jpg,4,E
im586.jpg,16,Q
im587.jpg,26,Other
im589.jpg,26,Other
im59.jpg,26,Other
im590.jpg,1,B
im591.jpg,3,D
im592.jpg,26,Other
im593.jpg,26,Other
im594.jpg,14,O
im595.jpg,26,Other
im596.jpg,0,A
im597.jpg,10,K
im598.jpg,4,E
im599.jpg,8,I
im6.jpg,26,Other
im60.jpg,24,Y
im601.jpg,14,O
im602.jpg,5,F
im603.jpg,11,L
im604.jpg,16,Q
im605.jpg,5,F
im606.jpg,26,Other
im607.jpg,7,H
im608.jpg,3,D
im609.jpg,6,G
im61.jpg,26,Other
im610.jpg,17,R
im611.jpg,19,T
im613.jpg,11,L
im615.jpg,10,K
im616.jpg,15,P
im617.jpg,14,O
im619.jpg,5,F
im62.jpg,26,Other
im620.jpg,25,Z
im621.jpg,0,A
im622.jpg,26,Other
im623.jpg,13,N
im624.jpg,18,S
im625.jpg,2,C
im626.jpg,13,N
im627.jpg,18,S
im628.jpg,12,M
im629.jpg,8,I
im63.jpg,5,F
im630.jpg,20,U
im631.jpg,5,F
im632.jpg,11,L
im633.jpg,26,Other
im634.jpg,10,K
im635.jpg,3,D
im636.jpg,15,P
im637.jpg,11,L
im638.jpg,13,N
im639.jpg,26,Other
im64.jpg,13,N
im640.jpg,7,H
im641.jpg,0,A
im642.jpg,1,B
im643.jpg,26,Other
im644.jpg,26,Other
im645.jpg,5,F
im646.jpg,25,Z
im647.jpg,14,O
im648.jpg,16,Q
im649.jpg,1,B
im65.jpg,1,B
im650.jpg,19,T
im651.jpg,10,K
im652.jpg,26,Other
im653.jpg,1,B
im654.jpg,16,Q
im655.jpg,11,L
im656.jpg,15,P
im657.jpg,26,Other
im658.jpg,11,L
im659.jpg,2,C
im66.jpg,26,Other
im660.jpg,26,Other
im661.jpg,26,Other
im662.jpg,26,Other
im663.jpg,20,U
im664.jpg,16,Q
im665.jpg,15,P
im666.jpg,19,T
im667.jpg,12,M
im669.jpg,3,D
im67.jpg,15,P
im670.jpg,6,G
im671.jpg,18,S
im672.jpg,26,Other
im673.jpg,26,Other
im674.jpg,26,Other
im676.jpg,19,T
im677.jpg,1,B
im679.jpg,12,M
im68.jpg,4,E
im680.jpg,14,O
im681.jpg,26,Other
im682.jpg,9,J
im683.jpg,26,Other
im684.jpg,26,Other
im685.jpg,20,U
im686.jpg,9,J
im688.jpg,9,J
im689.jpg,0,A
im690.jpg,14,O
im691.jpg,25,Z
im692.jpg,6,G
im693.jpg,3,D
im694.jpg,19,T
im695.jpg,26,Other
im696.jpg,11,L
im697.jpg,26,Other
im698.jpg,26,Other
im699.jpg,26,Other
im7.jpg,13,N
im70.jpg,12,M
im700.jpg,1,B
im701.jpg,26,Other
im702.jpg,10,K
im703.jpg,26,Other
im704.jpg,18,S
im705.jpg,6,G
im706.jpg,5,F
im707.jpg,18,S
im708.jpg,14,O
im709.jpg,5,F
im71.jpg,1,B
im710.jpg,22,W
im711.jpg,9,J
im712.jpg,19,T
im713.jpg,26,Other
im714.jpg,15,P
im715.jpg,12,M
im716.jpg,22,W
im717.jpg,6,G
im718.jpg,7,H
im719.jpg,26,Other
im72.jpg,26,Other
im720.jpg,26,Other
im721.jpg,26,Other
im723.jpg,20,U
im724.jpg,13,N
im725.jpg,26,Other
im726.jpg,26,Other
im727.jpg,20,U
im729.jpg,19,T
im73.jpg,26,Other
im730.jpg,3,D
im731.jpg,3,D
im732.jpg,12,M
im734.jpg,17,R
im735.jpg,2,C
im737.jpg,26,Other
im738.jpg,17,R
im739.jpg,26,Other
im74.jpg,4,E
im740.jpg,26,Other
im741.jpg,10,K
im742.jpg,14,O
im743.jpg,21,V
im744.jpg,26,Other
im745.jpg,26,Other
im746.jpg,26,Other
im747.jpg,5,F
im748.jpg,0,A
im749.jpg,26,Other
im75.jpg,10,K
im750.jpg,14,O
im751.jpg,2,C
im753.jpg,24,Y
im754.jpg,16,Q
im756.jpg,26,Other
im758.jpg,7,H
im759.jpg,14,O
im76.jpg,15,P
im760.jpg,13,N
im761.jpg,26,Other
im762.jpg,3,D
im763.jpg,19,T
im764.jpg,10,K
im765.jpg,17,R
im766.jpg,26,Other
im767.jpg,2,C
im768.jpg,15,P
im769.jpg,13,N
im77.jpg,18,S
im770.jpg,12,M
im771.jpg,16,Q
im772.jpg,22,W
im773.jpg,17,R
im774.jpg,18,S
im775.jpg,21,V
im776.jpg,3,D
im777.jpg,25,Z
im778.jpg,16,Q
im78.jpg,11,L
im780.jpg,26,Other
im782.jpg,15,P
im783.jpg,26,Other
im784.jpg,14,O
im785.jpg,3,D
im786.jpg,16,Q
im787.jpg,10,K
im789.jpg,21,V
im79.jpg,26,Other
im790.jpg,1,B
im791.jpg,1,B
im792.jpg,1,B
im793.jpg,14,O
im794.jpg,5,F
im795.jpg,26,Other
im796.jpg,26,Other
im797.jpg,17,R
im798.jpg,3,D
im799.jpg,13,N
im8.jpg,2,C
im80.jpg,1,B
im800.jpg,17,R
im801.jpg,19,T
im802.jpg,15,P
im803.jpg,26,Other
im804.jpg,26,Other
im805.jpg,8,I
im806.jpg,26,Other
im807.jpg,19,T
im808.jpg,12,M
im809.jpg,12,M
im81.jpg,5,F
im810.jpg,3,D
im811.jpg,26,Other
im812.jpg,26,Other
im813.jpg,1,B
im814.jpg,8,I
im815.jpg,26,Other
im816.jpg,12,M
im817.jpg,25,Z
im818.jpg,12,M
im819.jpg,5,F
im820.jpg,18,S
im821.jpg,23,X
im822.jpg,5,F
im823.jpg,12,M
im824.jpg,15,P
im825.jpg,3,D
im826.jpg,26,Other
im827.jpg,17,R
im828.jpg,11,L
im829.jpg,17,R
im83.jpg,26,Other
im830.jpg,13,N
im831.jpg,1,B
im832.jpg,16,Q
im833.jpg,26,Other
im834.jpg,3,D
im835.jpg,15,P
im836.jpg,26,Other
im837.jpg,26,Other
im838.jpg,1,B
im839.jpg,26,Other
im84.jpg,26,Other
im840.jpg,2,C
im841.jpg,4,E
im842.jpg,25,Z
im843.jpg,6,G
im844.jpg,18,S
im845.jpg,4,E
im846.jpg,26,Other
im847.jpg,26,Other
im848.jpg,26,Other
im85.jpg,3,D
im850.jpg,6,G
im851.jpg,17,R
im852.jpg,14,O
im853.jpg,12,M
im854.jpg,26,Other
im855.jpg,26,Other
im857.jpg,26,Other
im858.jpg,26,Other
im859.jpg,8,I
im86.jpg,6,G
im860.jpg,26,Other
im861.jpg,17,R
im862.jpg,11,L
im863.jpg,26,Other
im864.jpg,26,Other
im865.jpg,15,P
im866.jpg,2,C
im867.jpg,10,K
im868.jpg,19,T
im869.jpg,14,O
im87.jpg,16,Q
im870.jpg,8,I
im871.jpg,12,M
im873.jpg,0,A
im874.jpg,26,Other
im875.jpg,0,A
im876.jpg,14,O
im877.jpg,26,Other
im878.jpg,3,D
im879.jpg,5,F
im88.jpg,26,Other
im880.jpg,3,D
im881.jpg,26,Other
im882.jpg,26,Other
im883.jpg,26,Other
im884.jpg,3,D
im885.jpg,25,Z
im886.jpg,14,O
im887.jpg,20,U
im888.jpg,10,K
im89.jpg,14,O
im890.jpg,1,B
im891.jpg,20,U
im892.jpg,26,Other
im893.jpg,16,Q
im894.jpg,0,A
im895.jpg,16,Q
im896.jpg,8,I
im897.jpg,14,O
im898.jpg,14,O
im899.jpg,21,V
im9.jpg,18,S
im90.jpg,16,Q
im900.jpg,3,D
im901.jpg,13,N
im903.jpg,17,R
im904.jpg,19,T
im905.jpg,10,K
im906.jpg,19,T
im907.jpg,26,Other
im908.jpg,19,T
im909.jpg,4,E
im91.jpg,26,Other
im910.jpg,11,L
im911.jpg,26,Other
im912.jpg,15,P
im913.jpg,19,T
im914.jpg,12,M
im915.jpg,16,Q
im916.jpg,18,S
im917.jpg,12,M
im918.jpg,5,F
im919.jpg,17,R
im92.jpg,6,G
im920.jpg,13,N
im921.jpg,26,Other
im922.jpg,0,A
im923.jpg,3,D
im924.jpg,21,V
im925.jpg,17,R
im926.jpg,4,E
im928.jpg,5,F
im929.jpg,18,S
im93.jpg,17,R
im930.jpg,26,Other
im932.jpg,26,Other
im933.jpg,8,I
im934.jpg,3,D
im935.jpg,26,Other
im936.jpg,10,K
im937.jpg,13,N
im938.jpg,26,Other
im939.jpg,11,L
im94.jpg,20,U
im940.jpg,7,H
im941.jpg,19,T
im942.jpg,26,Other
im943.jpg,12,M
im944.jpg,17,R
im945.jpg,4,E
im946.jpg,20,U
im947.jpg,3,D
im948.jpg,19,T
im949.jpg,4,E
im95.jpg,16,Q
im950.jpg,15,P
im951.jpg,12,M
im952.jpg,26,Other
im953.jpg,3,D
im954.jpg,26,Other
im955.jpg,25,Z
im956.jpg,2,C
im957.jpg,0,A
im958.jpg,17,R
im959.jpg,26,Other
im96.jpg,19,T
im960.jpg,26,Other
im961.jpg,26,Other
im962.jpg,14,O
im963.jpg,14,O
im965.jpg,25,Z
im966.jpg,26,Other
im967.jpg,26,Other
im968.jpg,11,L
im969.jpg,0,A
im97.jpg,7,H
im970.jpg,12,M
im972.jpg,0,A
im973.jpg,20,U
im974.jpg,12,M
im975.jpg,6,G
im976.jpg,15,P
im977.jpg,26,Other
im978.jpg,11,L
im979.jpg,12,M
im98.jpg,4,E
im980.jpg,8,I
im981.jpg,11,L
im982.jpg,13,N
im983.jpg,26,Other
im984.jpg,11,L
im985.jpg,20,U
im986.jpg,11,L
im987.jpg,15,P
im99.jpg,20,U
im990.jpg,25,Z
im991.jpg,19,T
im992.jpg,4,E
im993.jpg,18,S
im994.jpg,26,Other
im995.jpg,26,Other
im997.jpg,15,P
im998.jpg,26,Other
