filename,file_size,file_attributes,region_count,region_id,region_shape_attributes,region_attributes
1_original.jpg,398745,"{}",1,0,"{""name"":""rect"",""x"":1123,""y"":775,""width"":134,""height"":52}","{}"
2_original.jpg,172977,"{}",1,0,"{""name"":""rect"",""x"":520,""y"":414,""width"":564,""height"":190}","{}"
3_original.jpg,144855,"{}",1,0,"{""name"":""rect"",""x"":442,""y"":236,""width"":370,""height"":120}","{}"
4_original.jpg,205292,"{}",1,0,"{""name"":""rect"",""x"":517,""y"":411,""width"":404,""height"":173}","{}"
5_original.jpg,118295,"{}",1,0,"{""name"":""rect"",""x"":340,""y"":227,""width"":470,""height"":174}","{}"
6_original.jpg,75428,"{}",1,0,"{""name"":""rect"",""x"":311,""y"":203,""width"":406,""height"":152}","{}"
7_original.jpg,136099,"{}",1,0,"{""name"":""rect"",""x"":381,""y"":170,""width"":624,""height"":264}","{}"
8_original.jpg,98009,"{}",1,0,"{""name"":""rect"",""x"":560,""y"":273,""width"":65,""height"":183}","{}"
9_original.jpg,83350,"{}",1,0,"{""name"":""rect"",""x"":318,""y"":208,""width"":487,""height"":159}","{}"
10_original.jpg,52214,"{}",1,0,"{""name"":""rect"",""x"":306,""y"":182,""width"":131,""height"":129}","{}"
11_original.jpg,80751,"{}",1,0,"{""name"":""rect"",""x"":225,""y"":175,""width"":135,""height"":90}","{}"
12_original.jpg,37435,"{}",1,0,"{""name"":""rect"",""x"":184,""y"":149,""width"":252,""height"":95}","{}"
13_original.jpg,32725,"{}",1,0,"{""name"":""rect"",""x"":258,""y"":159,""width"":144,""height"":73}","{}"
14_original.jpg,43796,"{}",1,0,"{""name"":""rect"",""x"":202,""y"":182,""width"":207,""height"":78}","{}"
15_original.jpg,47519,"{}",1,0,"{""name"":""rect"",""x"":89,""y"":138,""width"":329,""height"":201}","{}"
16_original.jpg,44110,"{}",1,0,"{""name"":""rect"",""x"":174,""y"":126,""width"":297,""height"":98}","{}"
17_original.jpg,108649,"{}",1,0,"{""name"":""rect"",""x"":124,""y"":227,""width"":410,""height"":101}","{}"
18_original.jpg,56521,"{}",1,0,"{""name"":""rect"",""x"":111,""y"":95,""width"":148,""height"":95}","{}"
19_original.jpg,31375,"{}",1,0,"{""name"":""rect"",""x"":167,""y"":241,""width"":108,""height"":60}","{}"
20_original.jpg,41950,"{}",1,0,"{""name"":""rect"",""x"":285,""y"":200,""width"":148,""height"":54}","{}"
21_original.jpg,44098,"{}",1,0,"{""name"":""rect"",""x"":187,""y"":211,""width"":228,""height"":78}","{}"
22_original.jpg,45675,"{}",1,0,"{""name"":""rect"",""x"":240,""y"":127,""width"":193,""height"":75}","{}"
23_original.jpg,110750,"{}",1,0,"{""name"":""rect"",""x"":197,""y"":365,""width"":635,""height"":224}","{}"
24_original.jpg,83726,"{}",1,0,"{""name"":""rect"",""x"":350,""y"":309,""width"":235,""height"":290}","{}"
25_original.jpg,57376,"{}",1,0,"{""name"":""rect"",""x"":259,""y"":379,""width"":124,""height"":56}","{}"
26_original.jpg,98707,"{}",1,0,"{""name"":""rect"",""x"":644,""y"":540,""width"":107,""height"":101}","{}"
27_original.jpg,78777,"{}",1,0,"{""name"":""rect"",""x"":464,""y"":175,""width"":144,""height"":331}","{}"
28_original.jpg,41950,"{}",1,0,"{""name"":""rect"",""x"":172,""y"":260,""width"":174,""height"":56}","{}"
29_original.jpg,142679,"{}",1,0,"{""name"":""rect"",""x"":494,""y"":319,""width"":534,""height"":149}","{}"
30_original.jpg,128049,"{}",1,0,"{""name"":""rect"",""x"":305,""y"":360,""width"":341,""height"":147}","{}"
31_original.jpg,68448,"{}",1,0,"{""name"":""rect"",""x"":273,""y"":119,""width"":157,""height"":83}","{}"
32_original.jpg,86373,"{}",1,0,"{""name"":""rect"",""x"":183,""y"":260,""width"":195,""height"":141}","{}"
33_originial.jpg,74129,"{}",1,0,"{""name"":""rect"",""x"":168,""y"":188,""width"":147,""height"":192}","{}"
34_original.jpg,64766,"{}",1,0,"{""name"":""rect"",""x"":119,""y"":129,""width"":125,""height"":238}","{}"
35_original.jpg,70923,"{}",1,0,"{""name"":""rect"",""x"":269,""y"":301,""width"":135,""height"":90}","{}"
36_original.jpg,58821,"{}",1,0,"{""name"":""rect"",""x"":157,""y"":218,""width"":298,""height"":76}","{}"
37_original.jpg,197434,"{}",1,0,"{""name"":""rect"",""x"":368,""y"":168,""width"":538,""height"":234}","{}"
38_original.jpg,32202,"{}",1,0,"{""name"":""rect"",""x"":233,""y"":250,""width"":201,""height"":59}","{}"
39_original.jpg,130537,"{}",1,0,"{""name"":""rect"",""x"":623,""y"":291,""width"":409,""height"":136}","{}"
40_original.jpg,33037,"{}",1,0,"{""name"":""rect"",""x"":155,""y"":159,""width"":310,""height"":84}","{}"
41_original.jpg,92523,"{}",1,0,"{""name"":""rect"",""x"":391,""y"":249,""width"":359,""height"":133}","{}"
42_original.jpg,112611,"{}",1,0,"{""name"":""rect"",""x"":102,""y"":85,""width"":583,""height"":403}","{}"
43_original.jpg,123143,"{}",1,0,"{""name"":""rect"",""x"":135,""y"":210,""width"":106,""height"":141}","{}"
44_original.jpg,33998,"{}",1,0,"{""name"":""rect"",""x"":190,""y"":196,""width"":177,""height"":113}","{}"
45_original.jpg,38967,"{}",1,0,"{""name"":""rect"",""x"":142,""y"":234,""width"":201,""height"":77}","{}"
46_original.jpg,40248,"{}",1,0,"{""name"":""rect"",""x"":218,""y"":212,""width"":233,""height"":78}","{}"
47_original.jpg,201445,"{}",1,0,"{""name"":""rect"",""x"":597,""y"":594,""width"":418,""height"":151}","{}"
48_original.jpg,44541,"{}",1,0,"{""name"":""rect"",""x"":207,""y"":130,""width"":270,""height"":101}","{}"
49_original.jpg,106552,"{}",1,0,"{""name"":""rect"",""x"":488,""y"":832,""width"":522,""height"":162}","{}"
50_original.jpg,46181,"{}",1,0,"{""name"":""rect"",""x"":203,""y"":200,""width"":140,""height"":54}","{}"
51_original.jpg,158184,"{}",1,0,"{""name"":""rect"",""x"":667,""y"":240,""width"":606,""height"":188}","{}"
52_original.jpg,217278,"{}",1,0,"{""name"":""rect"",""x"":632,""y"":575,""width"":249,""height"":73}","{}"
53_original.jpg,190237,"{}",1,0,"{""name"":""rect"",""x"":753,""y"":568,""width"":181,""height"":72}","{}"
54_original.jpg,144045,"{}",1,0,"{""name"":""rect"",""x"":504,""y"":412,""width"":177,""height"":49}","{}"
55_original.jpg,238117,"{}",1,0,"{""name"":""rect"",""x"":747,""y"":580,""width"":154,""height"":115}","{}"
56_original.jpg,235420,"{}",1,0,"{""name"":""rect"",""x"":613,""y"":280,""width"":221,""height"":70}","{}"
57_original.jpg,360491,"{}",1,0,"{""name"":""rect"",""x"":368,""y"":537,""width"":136,""height"":43}","{}"
58_original.jpg,235655,"{}",1,0,"{""name"":""rect"",""x"":752,""y"":643,""width"":320,""height"":85}","{}"
59_original.jpg,100793,"{}",1,0,"{""name"":""rect"",""x"":30,""y"":247,""width"":343,""height"":88}","{}"
60_original.jpg,217448,"{}",1,0,"{""name"":""rect"",""x"":810,""y"":657,""width"":297,""height"":180}","{}"
61_original.jpg,178584,"{}",1,0,"{""name"":""rect"",""x"":751,""y"":614,""width"":334,""height"":98}","{}"
62_original.jpg,114932,"{}",1,0,"{""name"":""rect"",""x"":372,""y"":161,""width"":524,""height"":122}","{}"
63_original.jpg,288597,"{}",1,0,"{""name"":""rect"",""x"":779,""y"":986,""width"":220,""height"":224}","{}"
64_original.jpg,236577,"{}",1,0,"{""name"":""rect"",""x"":977,""y"":1026,""width"":159,""height"":157}","{}"
65_original.jpg,207451,"{}",1,0,"{""name"":""rect"",""x"":807,""y"":552,""width"":157,""height"":153}","{}"
66_original.jpg,99835,"{}",1,0,"{""name"":""rect"",""x"":304,""y"":185,""width"":135,""height"":63}","{}"
67_original.jpg,70182,"{}",1,0,"{""name"":""rect"",""x"":202,""y"":176,""width"":104,""height"":57}","{}"
68_original.jpg,65919,"{}",1,0,"{""name"":""rect"",""x"":251,""y"":146,""width"":108,""height"":58}","{}"
69_original.jpg,397809,"{}",1,0,"{""name"":""rect"",""x"":853,""y"":310,""width"":379,""height"":231}","{}"
70_original.jpg,121958,"{}",1,0,"{""name"":""rect"",""x"":468,""y"":203,""width"":246,""height"":124}","{}"
71_original.jpg,84751,"{}",1,0,"{""name"":""rect"",""x"":193,""y"":327,""width"":345,""height"":113}","{}"
72_original.jpg,121958,"{}",1,0,"{""name"":""rect"",""x"":450,""y"":201,""width"":269,""height"":124}","{}"
73_original.jpg,85735,"{}",1,0,"{""name"":""rect"",""x"":448,""y"":417,""width"":234,""height"":91}","{}"
74_original.jpg,136149,"{}",1,0,"{""name"":""rect"",""x"":510,""y"":225,""width"":145,""height"":81}","{}"
75_original.jpg,39371,"{}",1,0,"{""name"":""rect"",""x"":220,""y"":51,""width"":163,""height"":84}","{}"
76_original.jpg,54764,"{}",1,0,"{""name"":""rect"",""x"":440,""y"":136,""width"":266,""height"":110}","{}"
77_original.jpg,104615,"{}",1,0,"{""name"":""rect"",""x"":356,""y"":277,""width"":319,""height"":90}","{}"
78_original.jpg,79336,"{}",1,0,"{""name"":""rect"",""x"":326,""y"":264,""width"":220,""height"":139}","{}"
79_original.jpg,41364,"{}",1,0,"{""name"":""rect"",""x"":124,""y"":101,""width"":174,""height"":91}","{}"
80_original.jpg,41175,"{}",1,0,"{""name"":""rect"",""x"":288,""y"":182,""width"":211,""height"":79}","{}"
81_original.jpg,85732,"{}",1,0,"{""name"":""rect"",""x"":838,""y"":336,""width"":146,""height"":84}","{}"
82_original.jpg,35502,"{}",1,0,"{""name"":""rect"",""x"":229,""y"":98,""width"":162,""height"":88}","{}"
83_original.jpg,68167,"{}",1,0,"{""name"":""rect"",""x"":272,""y"":280,""width"":245,""height"":113}","{}"
84_original.jpg,80023,"{}",1,0,"{""name"":""rect"",""x"":388,""y"":180,""width"":543,""height"":248}","{}"
85_original.jpg,34734,"{}",1,0,"{""name"":""rect"",""x"":246,""y"":110,""width"":122,""height"":62}","{}"
86_original.jpg,23422,"{}",1,0,"{""name"":""rect"",""x"":176,""y"":44,""width"":242,""height"":98}","{}"
87_original.jpg,86328,"{}",1,0,"{""name"":""rect"",""x"":161,""y"":174,""width"":312,""height"":122}","{}"
88_original.jpg,170116,"{}",1,0,"{""name"":""rect"",""x"":398,""y"":228,""width"":321,""height"":157}","{}"
89_original.jpg,68415,"{}",1,0,"{""name"":""rect"",""x"":381,""y"":615,""width"":260,""height"":125}","{}"
90_original.jpg,35007,"{}",1,0,"{""name"":""rect"",""x"":311,""y"":241,""width"":217,""height"":92}","{}"
91_original.jpg,140363,"{}",1,0,"{""name"":""rect"",""x"":206,""y"":283,""width"":378,""height"":147}","{}"
92_original.jpg,40948,"{}",1,0,"{""name"":""rect"",""x"":392,""y"":274,""width"":230,""height"":66}","{}"
93_original.jpg,190574,"{}",1,0,"{""name"":""rect"",""x"":276,""y"":655,""width"":174,""height"":85}","{}"
94_original.jpg,73244,"{}",1,0,"{""name"":""rect"",""x"":298,""y"":287,""width"":401,""height"":98}","{}"
95_original.jpg,58667,"{}",1,0,"{""name"":""rect"",""x"":390,""y"":153,""width"":226,""height"":105}","{}"
96_original.jpg,40362,"{}",1,0,"{""name"":""rect"",""x"":256,""y"":117,""width"":199,""height"":124}","{}"
97_original.jpg,41839,"{}",1,0,"{""name"":""rect"",""x"":946,""y"":177,""width"":162,""height"":93}","{}"
98_original.jpg,99904,"{}",1,0,"{""name"":""rect"",""x"":601,""y"":834,""width"":291,""height"":171}","{}"
99_original.jpg,116922,"{}",1,0,"{""name"":""rect"",""x"":877,""y"":253,""width"":132,""height"":149}","{}"
100_original.jpg,74601,"{}",1,0,"{""name"":""rect"",""x"":426,""y"":277,""width"":313,""height"":142}","{}"
101_original.jpg,92585,"{}",1,0,"{""name"":""rect"",""x"":224,""y"":170,""width"":340,""height"":180}","{}"
102_original.jpg,147337,"{}",1,0,"{""name"":""rect"",""x"":699,""y"":409,""width"":183,""height"":172}","{}"
103_original.jpg,77308,"{}",1,0,"{""name"":""rect"",""x"":415,""y"":509,""width"":172,""height"":68}","{}"
104_original.jpg,36943,"{}",1,0,"{""name"":""rect"",""x"":218,""y"":79,""width"":177,""height"":96}","{}"
105_original.jpg,69429,"{}",1,0,"{""name"":""rect"",""x"":304,""y"":267,""width"":210,""height"":133}","{}"
106_original.jpg,127239,"{}",1,0,"{""name"":""rect"",""x"":426,""y"":347,""width"":354,""height"":313}","{}"
107_original.jpg,113290,"{}",1,0,"{""name"":""rect"",""x"":442,""y"":214,""width"":198,""height"":75}","{}"
108_original.jpg,91461,"{}",1,0,"{""name"":""rect"",""x"":475,""y"":252,""width"":162,""height"":81}","{}"
109_original.jpg,59241,"{}",1,0,"{""name"":""rect"",""x"":257,""y"":212,""width"":186,""height"":66}","{}"
110_original.jpg,34601,"{}",1,0,"{""name"":""rect"",""x"":548,""y"":591,""width"":125,""height"":108}","{}"
111_original.jpg,32771,"{}",1,0,"{""name"":""rect"",""x"":261,""y"":485,""width"":110,""height"":98}","{}"
112_original.jpg,28268,"{}",1,0,"{""name"":""rect"",""x"":217,""y"":84,""width"":159,""height"":79}","{}"
113_original.jpg,42872,"{}",1,0,"{""name"":""rect"",""x"":336,""y"":155,""width"":304,""height"":129}","{}"
114_original.jpg,34974,"{}",1,0,"{""name"":""rect"",""x"":228,""y"":305,""width"":226,""height"":101}","{}"
115_original.jpg,32450,"{}",1,0,"{""name"":""rect"",""x"":489,""y"":192,""width"":164,""height"":83}","{}"
116_original.jpg,102344,"{}",1,0,"{""name"":""rect"",""x"":500,""y"":443,""width"":186,""height"":66}","{}"
117_original.jpg,110862,"{}",1,0,"{""name"":""rect"",""x"":546,""y"":279,""width"":172,""height"":138}","{}"
118_original.jpg,49201,"{}",1,0,"{""name"":""rect"",""x"":484,""y"":504,""width"":118,""height"":43}","{}"
119_original.jpg,70608,"{}",1,0,"{""name"":""rect"",""x"":770,""y"":446,""width"":90,""height"":187}","{}"
120_original.jpg,40175,"{}",1,0,"{""name"":""rect"",""x"":776,""y"":142,""width"":60,""height"":56}","{}"
121_original.jpg,46769,"{}",1,0,"{""name"":""rect"",""x"":962,""y"":211,""width"":58,""height"":63}","{}"
122_original.jpg,53891,"{}",1,0,"{""name"":""rect"",""x"":470,""y"":464,""width"":149,""height"":73}","{}"
123_original.jpg,84523,"{}",1,0,"{""name"":""rect"",""x"":607,""y"":128,""width"":239,""height"":181}","{}"
124_original.jpg,57926,"{}",2,0,"{""name"":""rect"",""x"":146,""y"":140,""width"":82,""height"":61}","{}"
124_original.jpg,57926,"{}",2,1,"{""name"":""rect"",""x"":965,""y"":295,""width"":91,""height"":59}","{}"
125_original.jpg,57936,"{}",2,0,"{""name"":""rect"",""x"":144,""y"":144,""width"":85,""height"":54}","{}"
125_original.jpg,57936,"{}",2,1,"{""name"":""rect"",""x"":959,""y"":293,""width"":98,""height"":62}","{}"
126_original.jpg,55593,"{}",1,0,"{""name"":""rect"",""x"":545,""y"":242,""width"":167,""height"":72}","{}"
127_original.jpg,95108,"{}",1,0,"{""name"":""rect"",""x"":528,""y"":455,""width"":175,""height"":66}","{}"
128_original.jpg,30738,"{}",1,0,"{""name"":""rect"",""x"":204,""y"":196,""width"":198,""height"":74}","{}"
129_original.jpg,74337,"{}",1,0,"{""name"":""rect"",""x"":558,""y"":350,""width"":144,""height"":56}","{}"
130_original.jpg,54401,"{}",1,0,"{""name"":""rect"",""x"":231,""y"":33,""width"":322,""height"":858}","{}"
131_original.jpg,108704,"{}",1,0,"{""name"":""rect"",""x"":421,""y"":113,""width"":296,""height"":154}","{}"
132_original.jpg,74302,"{}",1,0,"{""name"":""rect"",""x"":321,""y"":136,""width"":285,""height"":141}","{}"
133_original.jpg,191262,"{}",1,0,"{""name"":""rect"",""x"":339,""y"":222,""width"":574,""height"":201}","{}"
134_original.jpg,174985,"{}",1,0,"{""name"":""rect"",""x"":585,""y"":490,""width"":168,""height"":88}","{}"
135_original.jpg,294211,"{}",1,0,"{""name"":""rect"",""x"":838,""y"":545,""width"":243,""height"":210}","{}"
136_original.jpg,200684,"{}",1,0,"{""name"":""rect"",""x"":358,""y"":1355,""width"":350,""height"":240}","{}"
137_original.jpg,155973,"{}",1,0,"{""name"":""rect"",""x"":393,""y"":576,""width"":414,""height"":153}","{}"
138_original.jpg,77321,"{}",1,0,"{""name"":""rect"",""x"":798,""y"":506,""width"":375,""height"":117}","{}"
139_original.jpg,134464,"{}",1,0,"{""name"":""rect"",""x"":281,""y"":520,""width"":84,""height"":77}","{}"
140_original.jpg,116526,"{}",2,0,"{""name"":""rect"",""x"":197,""y"":83,""width"":162,""height"":150}","{}"
140_original.jpg,116526,"{}",2,1,"{""name"":""rect"",""x"":598,""y"":412,""width"":169,""height"":173}","{}"
141_original.jpg,116536,"{}",2,0,"{""name"":""rect"",""x"":197,""y"":84,""width"":167,""height"":157}","{}"
141_original.jpg,116536,"{}",2,1,"{""name"":""rect"",""x"":595,""y"":411,""width"":165,""height"":169}","{}"
142_original.jpg,161908,"{}",1,0,"{""name"":""rect"",""x"":554,""y"":929,""width"":60,""height"":112}","{}"
143_original.jpg,192875,"{}",1,0,"{""name"":""rect"",""x"":718,""y"":648,""width"":237,""height"":119}","{}"
144_original.jpg,148077,"{}",1,0,"{""name"":""rect"",""x"":694,""y"":418,""width"":303,""height"":136}","{}"
145_original.jpg,144222,"{}",1,0,"{""name"":""rect"",""x"":737,""y"":908,""width"":182,""height"":122}","{}"
146_original.jpg,152939,"{}",1,0,"{""name"":""rect"",""x"":759,""y"":464,""width"":340,""height"":129}","{}"
147_original.jpg,135181,"{}",2,0,"{""name"":""rect"",""x"":853,""y"":369,""width"":169,""height"":67}","{}"
147_original.jpg,135181,"{}",2,1,"{""name"":""rect"",""x"":336,""y"":333,""width"":167,""height"":117}","{}"
148_original.jpg,135191,"{}",2,0,"{""name"":""rect"",""x"":338,""y"":331,""width"":173,""height"":111}","{}"
148_original.jpg,135191,"{}",2,1,"{""name"":""rect"",""x"":858,""y"":367,""width"":160,""height"":67}","{}"
149_original.jpg,210357,"{}",1,0,"{""name"":""rect"",""x"":16,""y"":11,""width"":530,""height"":128}","{}"
150_original.jpg,108120,"{}",1,0,"{""name"":""rect"",""x"":345,""y"":552,""width"":139,""height"":59}","{}"
151_original.jpg,40152,"{}",1,0,"{""name"":""rect"",""x"":144,""y"":163,""width"":67,""height"":27}","{}"
152_original.jpg,103744,"{}",1,0,"{""name"":""rect"",""x"":638,""y"":284,""width"":388,""height"":244}","{}"
153_original.jpg,110234,"{}",1,0,"{""name"":""rect"",""x"":749,""y"":455,""width"":402,""height"":155}","{}"
154_original.jpg,40033,"{}",1,0,"{""name"":""rect"",""x"":764,""y"":178,""width"":70,""height"":18}","{}"
155_original.jpg,193408,"{}",1,0,"{""name"":""rect"",""x"":646,""y"":425,""width"":899,""height"":305}","{}"
156_original.jpg,139148,"{}",1,0,"{""name"":""rect"",""x"":648,""y"":413,""width"":508,""height"":172}","{}"
157_original.jpg,194091,"{}",1,0,"{""name"":""rect"",""x"":776,""y"":792,""width"":83,""height"":216}","{}"
158_original.jpg,46966,"{}",1,0,"{""name"":""rect"",""x"":223,""y"":453,""width"":120,""height"":156}","{}"
159_original.jpg,123246,"{}",1,0,"{""name"":""rect"",""x"":599,""y"":500,""width"":140,""height"":337}","{}"
160_original.jpg,115554,"{}",1,0,"{""name"":""rect"",""x"":340,""y"":445,""width"":463,""height"":145}","{}"
161_original.jpg,132893,"{}",1,0,"{""name"":""rect"",""x"":506,""y"":525,""width"":620,""height"":191}","{}"
162_original.jpg,171968,"{}",1,0,"{""name"":""rect"",""x"":438,""y"":438,""width"":544,""height"":241}","{}"
163_original.jpg,234004,"{}",1,0,"{""name"":""rect"",""x"":544,""y"":554,""width"":182,""height"":66}","{}"
164_original.jpg,156623,"{}",1,0,"{""name"":""rect"",""x"":758,""y"":636,""width"":190,""height"":67}","{}"
165_original.jpg,265226,"{}",2,0,"{""name"":""rect"",""x"":283,""y"":635,""width"":93,""height"":43}","{}"
165_original.jpg,265226,"{}",2,1,"{""name"":""rect"",""x"":664,""y"":934,""width"":84,""height"":32}","{}"
166_original.jpg,195936,"{}",1,0,"{""name"":""rect"",""x"":744,""y"":682,""width"":189,""height"":105}","{}"
167_original.jpg,194467,"{}",1,0,"{""name"":""rect"",""x"":865,""y"":685,""width"":220,""height"":107}","{}"
168_original.jpg,267217,"{}",1,0,"{""name"":""rect"",""x"":658,""y"":866,""width"":117,""height"":67}","{}"
169_original.jpg,177323,"{}",1,0,"{""name"":""rect"",""x"":617,""y"":743,""width"":192,""height"":62}","{}"
170_original.jpg,215522,"{}",2,0,"{""name"":""rect"",""x"":423,""y"":480,""width"":313,""height"":227}","{}"
170_original.jpg,215522,"{}",2,1,"{""name"":""rect"",""x"":906,""y"":992,""width"":298,""height"":234}","{}"
171_original.jpg,215532,"{}",2,0,"{""name"":""rect"",""x"":423,""y"":480,""width"":313,""height"":227}","{}"
171_original.jpg,215532,"{}",2,1,"{""name"":""rect"",""x"":906,""y"":992,""width"":298,""height"":234}","{}"
172_original.jpg,113344,"{}",1,0,"{""name"":""rect"",""x"":1170,""y"":764,""width"":44,""height"":21}","{}"
173_original.jpg,144249,"{}",1,0,"{""name"":""rect"",""x"":849,""y"":601,""width"":155,""height"":65}","{}"
174_original.jpg,129801,"{}",1,0,"{""name"":""rect"",""x"":164,""y"":384,""width"":1171,""height"":284}","{}"
175_original.jpg,184448,"{}",2,0,"{""name"":""rect"",""x"":466,""y"":319,""width"":411,""height"":161}","{}"
175_original.jpg,184448,"{}",2,1,"{""name"":""rect"",""x"":578,""y"":1246,""width"":360,""height"":133}","{}"
176_original.jpg,184458,"{}",2,0,"{""name"":""rect"",""x"":466,""y"":314,""width"":411,""height"":165}","{}"
176_original.jpg,184458,"{}",2,1,"{""name"":""rect"",""x"":578,""y"":1246,""width"":360,""height"":133}","{}"
177_original.jpg,135798,"{}",1,0,"{""name"":""rect"",""x"":744,""y"":628,""width"":72,""height"":32}","{}"
178_original.jpg,124918,"{}",1,0,"{""name"":""rect"",""x"":670,""y"":700,""width"":35,""height"":62}","{}"
179_original.jpg,190642,"{}",1,0,"{""name"":""rect"",""x"":677,""y"":698,""width"":309,""height"":104}","{}"
180_original.jpg,195416,"{}",1,0,"{""name"":""rect"",""x"":453,""y"":394,""width"":281,""height"":120}","{}"
181_original.jpg,171044,"{}",1,0,"{""name"":""rect"",""x"":523,""y"":541,""width"":392,""height"":154}","{}"
182_original.jpg,133334,"{}",1,0,"{""name"":""rect"",""x"":621,""y"":507,""width"":398,""height"":163}","{}"
183_original.jpg,559191,"{}",1,0,"{""name"":""rect"",""x"":906,""y"":309,""width"":118,""height"":97}","{}"
184_original.jpg,227573,"{}",1,0,"{""name"":""rect"",""x"":733,""y"":424,""width"":276,""height"":101}","{}"
185_original.jpg,40484,"{}",1,0,"{""name"":""rect"",""x"":194,""y"":200,""width"":130,""height"":46}","{}"
186_original.jpg,269022,"{}",1,0,"{""name"":""rect"",""x"":796,""y"":566,""width"":232,""height"":124}","{}"
187_original.jpg,228759,"{}",1,0,"{""name"":""rect"",""x"":696,""y"":703,""width"":58,""height"":95}","{}"
188_original.jpg,607418,"{}",1,0,"{""name"":""rect"",""x"":1003,""y"":428,""width"":98,""height"":107}","{}"
189_original.jpg,260122,"{}",1,0,"{""name"":""rect"",""x"":839,""y"":517,""width"":161,""height"":42}","{}"
190_original.jpg,345233,"{}",1,0,"{""name"":""rect"",""x"":814,""y"":589,""width"":42,""height"":77}","{}"
191_original.jpg,181747,"{}",0,0,"{}","{}"
192_original.jpg,353901,"{}",2,0,"{""name"":""rect"",""x"":442,""y"":405,""width"":181,""height"":74}","{}"
192_original.jpg,353901,"{}",2,1,"{""name"":""rect"",""x"":1109,""y"":403,""width"":184,""height"":89}","{}"
193_original.jpg,266950,"{}",2,0,"{""name"":""rect"",""x"":442,""y"":405,""width"":181,""height"":74}","{}"
193_original.jpg,266950,"{}",2,1,"{""name"":""rect"",""x"":1109,""y"":403,""width"":184,""height"":89}","{}"
194_original.jpg,319784,"{}",1,0,"{""name"":""rect"",""x"":725,""y"":740,""width"":234,""height"":95}","{}"
195_original.jpg,151148,"{}",1,0,"{""name"":""rect"",""x"":611,""y"":393,""width"":968,""height"":362}","{}"
196_original.jpg,198208,"{}",1,0,"{""name"":""rect"",""x"":753,""y"":571,""width"":158,""height"":57}","{}"
197_original.jpg,174240,"{}",1,0,"{""name"":""rect"",""x"":678,""y"":496,""width"":363,""height"":145}","{}"
198_original.jpg,205953,"{}",1,0,"{""name"":""rect"",""x"":701,""y"":484,""width"":393,""height"":158}","{}"
199_original.jpg,125338,"{}",1,0,"{""name"":""rect"",""x"":146,""y"":401,""width"":657,""height"":297}","{}"
200_original.jpg,197296,"{}",1,0,"{""name"":""rect"",""x"":759,""y"":572,""width"":172,""height"":78}","{}"
201_original.jpg,216323,"{}",1,0,"{""name"":""rect"",""x"":871,""y"":1022,""width"":168,""height"":115}","{}"
202_original.jpg,208643,"{}",1,0,"{""name"":""rect"",""x"":263,""y"":296,""width"":591,""height"":219}","{}"
203_original.jpg,119800,"{}",1,0,"{""name"":""rect"",""x"":489,""y"":238,""width"":610,""height"":195}","{}"
204_original.jpg,127838,"{}",1,0,"{""name"":""rect"",""x"":616,""y"":550,""width"":622,""height"":176}","{}"
205_original.jpg,137624,"{}",1,0,"{""name"":""rect"",""x"":469,""y"":476,""width"":427,""height"":145}","{}"
206_original.jpg,123396,"{}",1,0,"{""name"":""rect"",""x"":324,""y"":356,""width"":877,""height"":382}","{}"
207_original.jpg,189670,"{}",1,0,"{""name"":""rect"",""x"":346,""y"":428,""width"":512,""height"":188}","{}"
208_original.jpg,162969,"{}",1,0,"{""name"":""rect"",""x"":218,""y"":408,""width"":639,""height"":199}","{}"
209_original.jpg,222806,"{}",1,0,"{""name"":""rect"",""x"":501,""y"":583,""width"":509,""height"":242}","{}"
210_original.jpg,145421,"{}",1,0,"{""name"":""rect"",""x"":634,""y"":603,""width"":192,""height"":85}","{}"
211_original.jpg,144014,"{}",1,0,"{""name"":""rect"",""x"":303,""y"":866,""width"":116,""height"":130}","{}"
212_original.jpg,191232,"{}",1,0,"{""name"":""rect"",""x"":729,""y"":715,""width"":295,""height"":110}","{}"
213_original.jpg,139778,"{}",1,0,"{""name"":""rect"",""x"":680,""y"":511,""width"":470,""height"":161}","{}"
214_original.jpg,181962,"{}",1,0,"{""name"":""rect"",""x"":421,""y"":475,""width"":718,""height"":219}","{}"
215_original.jpg,116362,"{}",1,0,"{""name"":""rect"",""x"":368,""y"":360,""width"":301,""height"":117}","{}"
216_original.jpg,160905,"{}",1,0,"{""name"":""rect"",""x"":441,""y"":355,""width"":413,""height"":131}","{}"
217_original.jpg,232672,"{}",1,0,"{""name"":""rect"",""x"":239,""y"":388,""width"":354,""height"":117}","{}"
218_original.jpg,110475,"{}",1,0,"{""name"":""rect"",""x"":651,""y"":500,""width"":524,""height"":189}","{}"
219_original.jpg,209203,"{}",1,0,"{""name"":""rect"",""x"":463,""y"":537,""width"":340,""height"":100}","{}"
220_original.jpg,202065,"{}",1,0,"{""name"":""rect"",""x"":897,""y"":515,""width"":274,""height"":176}","{}"
221_original.jpg,224799,"{}",1,0,"{""name"":""rect"",""x"":681,""y"":500,""width"":435,""height"":129}","{}"
222_original.jpg,129764,"{}",1,0,"{""name"":""rect"",""x"":463,""y"":483,""width"":558,""height"":182}","{}"
223_original.jpg,140973,"{}",1,0,"{""name"":""rect"",""x"":449,""y"":412,""width"":298,""height"":114}","{}"
224_original.jpg,225460,"{}",1,0,"{""name"":""rect"",""x"":594,""y"":745,""width"":338,""height"":183}","{}"
225_original.jpg,153088,"{}",1,0,"{""name"":""rect"",""x"":716,""y"":520,""width"":128,""height"":176}","{}"
226_original.jpg,156465,"{}",1,0,"{""name"":""rect"",""x"":517,""y"":177,""width"":159,""height"":53}","{}"
227_original.jpg,195078,"{}",1,0,"{""name"":""rect"",""x"":569,""y"":403,""width"":289,""height"":159}","{}"
228_original.jpg,211069,"{}",2,0,"{""name"":""rect"",""x"":499,""y"":267,""width"":221,""height"":160}","{}"
228_original.jpg,211069,"{}",2,1,"{""name"":""rect"",""x"":845,""y"":449,""width"":233,""height"":224}","{}"
229_original.jpg,211075,"{}",2,0,"{""name"":""rect"",""x"":499,""y"":267,""width"":221,""height"":160}","{}"
229_original.jpg,211075,"{}",2,1,"{""name"":""rect"",""x"":845,""y"":449,""width"":233,""height"":224}","{}"
230_original.jpg,161294,"{}",1,0,"{""name"":""rect"",""x"":595,""y"":476,""width"":113,""height"":119}","{}"
231_original.jpg,177668,"{}",1,0,"{""name"":""rect"",""x"":580,""y"":586,""width"":213,""height"":78}","{}"
232_original.jpg,206173,"{}",1,0,"{""name"":""rect"",""x"":645,""y"":420,""width"":124,""height"":47}","{}"
233_original.jpg,260284,"{}",4,0,"{""name"":""rect"",""x"":20,""y"":357,""width"":270,""height"":350}","{}"
233_original.jpg,260284,"{}",4,1,"{""name"":""rect"",""x"":466,""y"":380,""width"":191,""height"":363}","{}"
233_original.jpg,260284,"{}",4,2,"{""name"":""rect"",""x"":913,""y"":384,""width"":112,""height"":375}","{}"
233_original.jpg,260284,"{}",4,3,"{""name"":""rect"",""x"":1229,""y"":355,""width"":252,""height"":355}","{}"
234_original.jpg,260294,"{}",4,0,"{""name"":""rect"",""x"":20,""y"":357,""width"":270,""height"":350}","{}"
234_original.jpg,260294,"{}",4,1,"{""name"":""rect"",""x"":466,""y"":380,""width"":191,""height"":363}","{}"
234_original.jpg,260294,"{}",4,2,"{""name"":""rect"",""x"":913,""y"":384,""width"":112,""height"":375}","{}"
234_original.jpg,260294,"{}",4,3,"{""name"":""rect"",""x"":1229,""y"":355,""width"":252,""height"":355}","{}"
235_original.jpg,260294,"{}",4,0,"{""name"":""rect"",""x"":20,""y"":357,""width"":270,""height"":350}","{}"
235_original.jpg,260294,"{}",4,1,"{""name"":""rect"",""x"":466,""y"":380,""width"":191,""height"":363}","{}"
235_original.jpg,260294,"{}",4,2,"{""name"":""rect"",""x"":913,""y"":384,""width"":112,""height"":375}","{}"
235_original.jpg,260294,"{}",4,3,"{""name"":""rect"",""x"":1229,""y"":355,""width"":252,""height"":355}","{}"
236_original.jpg,260294,"{}",4,0,"{""name"":""rect"",""x"":20,""y"":357,""width"":270,""height"":350}","{}"
236_original.jpg,260294,"{}",4,1,"{""name"":""rect"",""x"":466,""y"":380,""width"":191,""height"":363}","{}"
236_original.jpg,260294,"{}",4,2,"{""name"":""rect"",""x"":913,""y"":384,""width"":112,""height"":375}","{}"
236_original.jpg,260294,"{}",4,3,"{""name"":""rect"",""x"":1229,""y"":355,""width"":252,""height"":355}","{}"
237_original.jpg,186193,"{}",1,0,"{""name"":""rect"",""x"":591,""y"":492,""width"":139,""height"":106}","{}"
238_original.jpg,180855,"{}",1,0,"{""name"":""rect"",""x"":604,""y"":477,""width"":213,""height"":113}","{}"
239_original.jpg,179463,"{}",1,0,"{""name"":""rect"",""x"":754,""y"":288,""width"":292,""height"":229}","{}"
240_original.jpg,132540,"{}",1,0,"{""name"":""rect"",""x"":674,""y"":389,""width"":53,""height"":56}","{}"
241_original.jpg,184889,"{}",1,0,"{""name"":""rect"",""x"":702,""y"":316,""width"":335,""height"":161}","{}"
242_original.jpg,208821,"{}",1,0,"{""name"":""rect"",""x"":615,""y"":583,""width"":257,""height"":172}","{}"
243_original.jpg,199903,"{}",1,0,"{""name"":""rect"",""x"":531,""y"":552,""width"":214,""height"":87}","{}"
244_original.jpg,224767,"{}",2,0,"{""name"":""rect"",""x"":310,""y"":300,""width"":173,""height"":86}","{}"
244_original.jpg,224767,"{}",2,1,"{""name"":""rect"",""x"":974,""y"":242,""width"":161,""height"":78}","{}"
245_original.jpg,224777,"{}",2,0,"{""name"":""rect"",""x"":310,""y"":300,""width"":173,""height"":86}","{}"
245_original.jpg,224777,"{}",2,1,"{""name"":""rect"",""x"":974,""y"":242,""width"":161,""height"":78}","{}"
246_original.jpg,168004,"{}",1,0,"{""name"":""rect"",""x"":805,""y"":286,""width"":221,""height"":181}","{}"
247_original.jpg,214051,"{}",2,0,"{""name"":""rect"",""x"":988,""y"":210,""width"":167,""height"":79}","{}"
247_original.jpg,214051,"{}",2,1,"{""name"":""rect"",""x"":374,""y"":596,""width"":186,""height"":108}","{}"
248_original.jpg,214061,"{}",2,0,"{""name"":""rect"",""x"":988,""y"":210,""width"":167,""height"":79}","{}"
248_original.jpg,214061,"{}",2,1,"{""name"":""rect"",""x"":374,""y"":596,""width"":186,""height"":108}","{}"
249_original.jpg,169072,"{}",1,0,"{""name"":""rect"",""x"":780,""y"":188,""width"":176,""height"":77}","{}"
250_original.jpg,148580,"{}",1,0,"{""name"":""rect"",""x"":530,""y"":447,""width"":323,""height"":109}","{}"
251_original.jpg,196534,"{}",1,0,"{""name"":""rect"",""x"":703,""y"":520,""width"":85,""height"":66}","{}"
252_original.jpg,221674,"{}",1,0,"{""name"":""rect"",""x"":623,""y"":436,""width"":235,""height"":204}","{}"
253_original.jpg,184392,"{}",1,0,"{""name"":""rect"",""x"":808,""y"":410,""width"":85,""height"":79}","{}"
254_original.jpg,165917,"{}",1,0,"{""name"":""rect"",""x"":636,""y"":584,""width"":190,""height"":63}","{}"
255_original.jpg,231829,"{}",1,0,"{""name"":""rect"",""x"":662,""y"":480,""width"":227,""height"":262}","{}"
256_original.jpg,184037,"{}",1,0,"{""name"":""rect"",""x"":591,""y"":433,""width"":223,""height"":179}","{}"
257_original.jpg,218096,"{}",1,0,"{""name"":""rect"",""x"":552,""y"":474,""width"":254,""height"":91}","{}"
258_original.jpg,190522,"{}",1,0,"{""name"":""rect"",""x"":614,""y"":582,""width"":258,""height"":170}","{}"
259_original.jpg,149854,"{}",1,0,"{""name"":""rect"",""x"":714,""y"":266,""width"":293,""height"":100}","{}"
260_original.jpg,248318,"{}",1,0,"{""name"":""rect"",""x"":614,""y"":206,""width"":155,""height"":70}","{}"
261_original.jpg,200452,"{}",1,0,"{""name"":""rect"",""x"":590,""y"":425,""width"":256,""height"":144}","{}"
262_original.jpg,188687,"{}",1,0,"{""name"":""rect"",""x"":847,""y"":377,""width"":167,""height"":67}","{}"
263_original.jpg,186933,"{}",1,0,"{""name"":""rect"",""x"":377,""y"":575,""width"":195,""height"":85}","{}"
264_original.jpg,207864,"{}",1,0,"{""name"":""rect"",""x"":708,""y"":245,""width"":297,""height"":233}","{}"
265_original.jpg,188657,"{}",1,0,"{""name"":""rect"",""x"":750,""y"":266,""width"":247,""height"":246}","{}"
266_original.jpg,154382,"{}",1,0,"{""name"":""rect"",""x"":710,""y"":433,""width"":232,""height"":104}","{}"
267_original.jpg,180711,"{}",1,0,"{""name"":""rect"",""x"":544,""y"":470,""width"":194,""height"":92}","{}"
268_original.jpg,147783,"{}",1,0,"{""name"":""rect"",""x"":489,""y"":343,""width"":257,""height"":272}","{}"
269_original.jpg,214774,"{}",1,0,"{""name"":""rect"",""x"":742,""y"":276,""width"":278,""height"":243}","{}"
270_original.jpg,222435,"{}",1,0,"{""name"":""rect"",""x"":698,""y"":290,""width"":311,""height"":220}","{}"
271_original.jpg,179630,"{}",1,0,"{""name"":""rect"",""x"":668,""y"":267,""width"":254,""height"":269}","{}"
272_original.jpg,156169,"{}",1,0,"{""name"":""rect"",""x"":692,""y"":353,""width"":171,""height"":88}","{}"
273_original.jpg,198163,"{}",1,0,"{""name"":""rect"",""x"":1051,""y"":631,""width"":127,""height"":92}","{}"
274_original.jpg,181239,"{}",1,0,"{""name"":""rect"",""x"":681,""y"":508,""width"":463,""height"":123}","{}"
275_original.jpg,76854,"{}",1,0,"{""name"":""rect"",""x"":467,""y"":359,""width"":246,""height"":138}","{}"
276_original.jpg,94926,"{}",1,0,"{""name"":""rect"",""x"":324,""y"":513,""width"":269,""height"":229}","{}"
277_original.jpg,23369,"{}",2,0,"{""name"":""rect"",""x"":292,""y"":154,""width"":58,""height"":90}","{}"
277_original.jpg,23369,"{}",2,1,"{""name"":""rect"",""x"":130,""y"":183,""width"":55,""height"":82}","{}"
278_original.jpg,23369,"{}",2,0,"{""name"":""rect"",""x"":292,""y"":154,""width"":58,""height"":90}","{}"
278_original.jpg,23369,"{}",2,1,"{""name"":""rect"",""x"":130,""y"":183,""width"":55,""height"":82}","{}"
279_original.jpg,32634,"{}",1,0,"{""name"":""rect"",""x"":150,""y"":187,""width"":160,""height"":63}","{}"
280_original.jpg,165519,"{}",1,0,"{""name"":""rect"",""x"":657,""y"":758,""width"":85,""height"":66}","{}"
281_original.jpg,19044,"{}",1,0,"{""name"":""rect"",""x"":242,""y"":34,""width"":199,""height"":100}","{}"
282_original.jpg,175103,"{}",1,0,"{""name"":""rect"",""x"":530,""y"":862,""width"":157,""height"":80}","{}"
N1_1_original.jpg,69938,"{}",1,0,"{""name"":""rect"",""x"":357,""y"":279,""width"":281,""height"":109}","{}"
N2_2_original.jpg,79878,"{}",1,0,"{""name"":""rect"",""x"":189,""y"":47,""width"":87,""height"":28}","{}"
N3_3_original.jpg,492271,"{}",1,0,"{""name"":""rect"",""x"":1216,""y"":546,""width"":1391,""height"":450}","{}"
N4_4_original.jpg,55589,"{}",1,0,"{""name"":""rect"",""x"":165,""y"":316,""width"":260,""height"":101}","{}"
N5_5_original.jpg,38128,"{}",1,0,"{""name"":""rect"",""x"":147,""y"":260,""width"":191,""height"":96}","{}"
N6_6_original.jpg,22907,"{}",1,0,"{""name"":""rect"",""x"":154,""y"":188,""width"":266,""height"":152}","{}"
N7_7_original.jpg,33121,"{}",1,0,"{""name"":""rect"",""x"":157,""y"":188,""width"":285,""height"":99}","{}"
N8_8_original.jpg,22690,"{}",1,0,"{""name"":""rect"",""x"":167,""y"":176,""width"":241,""height"":152}","{}"
N9_9_original.jpg,35766,"{}",1,0,"{""name"":""rect"",""x"":169,""y"":214,""width"":226,""height"":78}","{}"
N10_10_original.jpg,41141,"{}",1,0,"{""name"":""rect"",""x"":160,""y"":230,""width"":217,""height"":73}","{}"
N11_11_original.jpg,40934,"{}",1,0,"{""name"":""rect"",""x"":174,""y"":209,""width"":230,""height"":87}","{}"
N12_12_original.jpg,29032,"{}",1,0,"{""name"":""rect"",""x"":207,""y"":212,""width"":159,""height"":70}","{}"
N13_13_original.jpg,56034,"{}",1,0,"{""name"":""rect"",""x"":189,""y"":228,""width"":189,""height"":76}","{}"
N14_14_original.jpg,70457,"{}",1,0,"{""name"":""rect"",""x"":188,""y"":201,""width"":228,""height"":96}","{}"
N15_15_original.jpg,43985,"{}",1,0,"{""name"":""rect"",""x"":166,""y"":212,""width"":180,""height"":106}","{}"
N16_16_original.jpg,33080,"{}",1,0,"{""name"":""rect"",""x"":160,""y"":217,""width"":213,""height"":65}","{}"
N17_17_original.jpg,39378,"{}",1,0,"{""name"":""rect"",""x"":196,""y"":227,""width"":193,""height"":81}","{}"
N18_18_original.jpg,39436,"{}",1,0,"{""name"":""rect"",""x"":96,""y"":262,""width"":285,""height"":98}","{}"
N19_19_original.jpg,30381,"{}",1,0,"{""name"":""rect"",""x"":15,""y"":137,""width"":447,""height"":312}","{}"
N20_20_original.jpg,42476,"{}",1,0,"{""name"":""rect"",""x"":178,""y"":234,""width"":205,""height"":43}","{}"
N21_21_original.jpg,40263,"{}",1,0,"{""name"":""rect"",""x"":197,""y"":213,""width"":209,""height"":69}","{}"
N22_22_original.jpg,57162,"{}",1,0,"{""name"":""rect"",""x"":174,""y"":194,""width"":289,""height"":94}","{}"
N23_23_original.jpg,49396,"{}",1,0,"{""name"":""rect"",""x"":178,""y"":132,""width"":219,""height"":296}","{}"
N24_24_original.jpg,69863,"{}",1,0,"{""name"":""rect"",""x"":184,""y"":164,""width"":247,""height"":276}","{}"
N25_25_original.jpg,42777,"{}",1,0,"{""name"":""rect"",""x"":218,""y"":223,""width"":232,""height"":89}","{}"
N26_26_original.jpg,48834,"{}",1,0,"{""name"":""rect"",""x"":148,""y"":158,""width"":236,""height"":284}","{}"
N27_27_original.jpg,43689,"{}",1,0,"{""name"":""rect"",""x"":158,""y"":210,""width"":252,""height"":102}","{}"
N28_28_original.jpg,191090,"{}",1,0,"{""name"":""rect"",""x"":47,""y"":151,""width"":383,""height"":246}","{}"
N29_29_original.jpg,31090,"{}",1,0,"{""name"":""rect"",""x"":197,""y"":278,""width"":207,""height"":75}","{}"
N30_30_original.jpg,37561,"{}",1,0,"{""name"":""rect"",""x"":218,""y"":223,""width"":183,""height"":65}","{}"
N31_31_original.jpg,23605,"{}",1,0,"{""name"":""rect"",""x"":154,""y"":312,""width"":264,""height"":78}","{}"
N32_32_original.jpg,65951,"{}",1,0,"{""name"":""rect"",""x"":177,""y"":204,""width"":226,""height"":92}","{}"
N33_33_original.jpg,33803,"{}",1,0,"{""name"":""rect"",""x"":117,""y"":272,""width"":359,""height"":112}","{}"
N34_34_original.jpg,54185,"{}",1,0,"{""name"":""rect"",""x"":96,""y"":153,""width"":275,""height"":171}","{}"
N35_35_original.jpg,35590,"{}",1,0,"{""name"":""rect"",""x"":11,""y"":19,""width"":459,""height"":385}","{}"
N36_36_original.jpg,29766,"{}",1,0,"{""name"":""rect"",""x"":50,""y"":45,""width"":416,""height"":359}","{}"
N37_37_original.jpg,49342,"{}",1,0,"{""name"":""rect"",""x"":65,""y"":160,""width"":390,""height"":116}","{}"
N38_38_original.jpg,39014,"{}",1,0,"{""name"":""rect"",""x"":154,""y"":208,""width"":304,""height"":97}","{}"
N39_39_original.jpg,28084,"{}",1,0,"{""name"":""rect"",""x"":182,""y"":190,""width"":300,""height"":123}","{}"
N40_40_original.jpg,76231,"{}",1,0,"{""name"":""rect"",""x"":142,""y"":148,""width"":339,""height"":186}","{}"
N41_41_original.jpg,74180,"{}",1,0,"{""name"":""rect"",""x"":38,""y"":73,""width"":420,""height"":380}","{}"
N42_42_original.jpg,32053,"{}",1,0,"{""name"":""rect"",""x"":178,""y"":187,""width"":208,""height"":83}","{}"
N43_43_original.jpg,49359,"{}",1,0,"{""name"":""rect"",""x"":165,""y"":195,""width"":201,""height"":300}","{}"
N44_44_original.jpg,29011,"{}",0,0,"{}","{}"
N45_45_original.jpg,54404,"{}",1,0,"{""name"":""rect"",""x"":169,""y"":206,""width"":285,""height"":76}","{}"
N46_46_original.jpg,72286,"{}",1,0,"{""name"":""rect"",""x"":141,""y"":204,""width"":213,""height"":108}","{}"
N47_47_original.jpg,47339,"{}",1,0,"{""name"":""rect"",""x"":146,""y"":87,""width"":224,""height"":328}","{}"
N48_48_original.jpg,24880,"{}",1,0,"{""name"":""rect"",""x"":134,""y"":191,""width"":352,""height"":128}","{}"
N49_49_original.jpg,51036,"{}",1,0,"{""name"":""rect"",""x"":143,""y"":144,""width"":212,""height"":209}","{}"
N50_50_original.jpg,50836,"{}",1,0,"{""name"":""rect"",""x"":30,""y"":67,""width"":409,""height"":340}","{}"
N51_51_original.jpg,57631,"{}",1,0,"{""name"":""rect"",""x"":147,""y"":250,""width"":270,""height"":118}","{}"
N52_52_original.jpg,51756,"{}",1,0,"{""name"":""rect"",""x"":143,""y"":198,""width"":310,""height"":109}","{}"
N53_53_original.jpg,29075,"{}",1,0,"{""name"":""rect"",""x"":172,""y"":295,""width"":223,""height"":74}","{}"
N54_54_original.jpg,44513,"{}",1,0,"{""name"":""rect"",""x"":171,""y"":253,""width"":211,""height"":63}","{}"
N55_55_original.jpg,65640,"{}",1,0,"{""name"":""rect"",""x"":136,""y"":254,""width"":150,""height"":50}","{}"
N56_56_original.jpg,54772,"{}",1,0,"{""name"":""rect"",""x"":215,""y"":193,""width"":72,""height"":231}","{}"
N57_57_original.jpg,39925,"{}",1,0,"{""name"":""rect"",""x"":198,""y"":263,""width"":199,""height"":66}","{}"
N58_58_original.jpg,38499,"{}",1,0,"{""name"":""rect"",""x"":41,""y"":216,""width"":220,""height"":80}","{}"
N59_59_original.jpg,59637,"{}",1,0,"{""name"":""rect"",""x"":95,""y"":238,""width"":227,""height"":57}","{}"
N60_60_original.jpg,39491,"{}",1,0,"{""name"":""rect"",""x"":224,""y"":265,""width"":230,""height"":77}","{}"
N61_61_original.jpg,43525,"{}",1,0,"{""name"":""rect"",""x"":41,""y"":337,""width"":422,""height"":95}","{}"
N62_62_original.jpg,71426,"{}",1,0,"{""name"":""rect"",""x"":209,""y"":212,""width"":257,""height"":101}","{}"
N63_63_original.jpg,78564,"{}",1,0,"{""name"":""rect"",""x"":180,""y"":176,""width"":160,""height"":158}","{}"
N64_64_original.jpg,46239,"{}",1,0,"{""name"":""rect"",""x"":182,""y"":77,""width"":175,""height"":238}","{}"
N65_65_original.jpg,78782,"{}",1,0,"{""name"":""rect"",""x"":230,""y"":155,""width"":168,""height"":154}","{}"
N66_66_original.jpg,62789,"{}",1,0,"{""name"":""rect"",""x"":143,""y"":189,""width"":229,""height"":129}","{}"
N67_67_original.jpg,33902,"{}",1,0,"{""name"":""rect"",""x"":182,""y"":212,""width"":242,""height"":71}","{}"
N68_68_original.jpg,27361,"{}",1,0,"{""name"":""rect"",""x"":146,""y"":206,""width"":241,""height"":94}","{}"
N69_69_original.jpg,32085,"{}",1,0,"{""name"":""rect"",""x"":83,""y"":248,""width"":295,""height"":77}","{}"
N70_70_original.jpg,52582,"{}",1,0,"{""name"":""rect"",""x"":182,""y"":196,""width"":249,""height"":85}","{}"
N71_71_original.jpg,52196,"{}",1,0,"{""name"":""rect"",""x"":182,""y"":209,""width"":228,""height"":69}","{}"
N72_72_original.jpg,23411,"{}",1,0,"{""name"":""rect"",""x"":174,""y"":186,""width"":293,""height"":125}","{}"
N73_73_original.jpg,35688,"{}",1,0,"{""name"":""rect"",""x"":214,""y"":223,""width"":244,""height"":51}","{}"
N74_74_original.jpg,20255,"{}",1,0,"{""name"":""rect"",""x"":189,""y"":173,""width"":235,""height"":101}","{}"
N75_75_original.jpg,29724,"{}",1,0,"{""name"":""rect"",""x"":154,""y"":177,""width"":284,""height"":138}","{}"
N76_76_original.jpg,46054,"{}",1,0,"{""name"":""rect"",""x"":154,""y"":176,""width"":321,""height"":131}","{}"
N77_77_original.jpg,26359,"{}",1,0,"{""name"":""rect"",""x"":177,""y"":156,""width"":265,""height"":116}","{}"
N78_78_original.jpg,33159,"{}",1,0,"{""name"":""rect"",""x"":137,""y"":199,""width"":283,""height"":114}","{}"
N79_79_original.jpg,41032,"{}",1,0,"{""name"":""rect"",""x"":205,""y"":218,""width"":238,""height"":78}","{}"
N80_80_original.jpg,49729,"{}",1,0,"{""name"":""rect"",""x"":222,""y"":220,""width"":176,""height"":55}","{}"
N81_81_original.jpg,43811,"{}",1,0,"{""name"":""rect"",""x"":172,""y"":207,""width"":224,""height"":65}","{}"
N82_82_original.jpg,39723,"{}",1,0,"{""name"":""rect"",""x"":180,""y"":180,""width"":200,""height"":76}","{}"
N83_83_original.jpg,38584,"{}",1,0,"{""name"":""rect"",""x"":188,""y"":216,""width"":182,""height"":64}","{}"
N84_84_original.jpg,35544,"{}",1,0,"{""name"":""rect"",""x"":155,""y"":196,""width"":292,""height"":108}","{}"
N85_85_original.jpg,32899,"{}",1,0,"{""name"":""rect"",""x"":146,""y"":247,""width"":194,""height"":69}","{}"
N86_86_original.jpg,45652,"{}",1,0,"{""name"":""rect"",""x"":159,""y"":192,""width"":251,""height"":98}","{}"
N87_87_original.jpg,47650,"{}",1,0,"{""name"":""rect"",""x"":171,""y"":208,""width"":187,""height"":99}","{}"
N88_88_original.jpg,42101,"{}",1,0,"{""name"":""rect"",""x"":264,""y"":160,""width"":192,""height"":134}","{}"
N89_89_original.jpg,53792,"{}",1,0,"{""name"":""rect"",""x"":160,""y"":214,""width"":246,""height"":80}","{}"
N90_90_original.jpg,27898,"{}",1,0,"{""name"":""rect"",""x"":178,""y"":200,""width"":255,""height"":80}","{}"
N91_91_original.jpg,42908,"{}",1,0,"{""name"":""rect"",""x"":162,""y"":208,""width"":248,""height"":85}","{}"
N92_92_original.jpg,78600,"{}",1,0,"{""name"":""rect"",""x"":158,""y"":204,""width"":268,""height"":105}","{}"
N93_93_original.jpg,26093,"{}",1,0,"{""name"":""rect"",""x"":52,""y"":195,""width"":388,""height"":121}","{}"
N94_94_original.jpg,70582,"{}",1,0,"{""name"":""rect"",""x"":174,""y"":189,""width"":208,""height"":111}","{}"
N95_95_original.jpg,68407,"{}",1,0,"{""name"":""rect"",""x"":160,""y"":151,""width"":257,""height"":157}","{}"
N96_96_original.jpg,31380,"{}",1,0,"{""name"":""rect"",""x"":181,""y"":195,""width"":223,""height"":97}","{}"
N97_97_original.jpg,24186,"{}",1,0,"{""name"":""rect"",""x"":174,""y"":200,""width"":240,""height"":108}","{}"
N98_98_original.jpg,24364,"{}",1,0,"{""name"":""rect"",""x"":161,""y"":184,""width"":303,""height"":96}","{}"
N99_99_original.jpg,29967,"{}",1,0,"{""name"":""rect"",""x"":151,""y"":200,""width"":294,""height"":95}","{}"
N100_100_original.jpg,30856,"{}",1,0,"{""name"":""rect"",""x"":174,""y"":195,""width"":203,""height"":211}","{}"
N101_101_original.jpg,19789,"{}",1,0,"{""name"":""rect"",""x"":186,""y"":206,""width"":233,""height"":102}","{}"
N102_102_original.jpg,56184,"{}",1,0,"{""name"":""rect"",""x"":114,""y"":186,""width"":315,""height"":108}","{}"
N103_103_original.jpg,35024,"{}",1,0,"{""name"":""rect"",""x"":163,""y"":161,""width"":318,""height"":131}","{}"
N104_104_original.jpg,42163,"{}",1,0,"{""name"":""rect"",""x"":190,""y"":208,""width"":215,""height"":91}","{}"
N105_105_original.jpg,78990,"{}",1,0,"{""name"":""rect"",""x"":30,""y"":82,""width"":411,""height"":209}","{}"
N106_106_original.jpg,21606,"{}",1,0,"{""name"":""rect"",""x"":146,""y"":188,""width"":294,""height"":110}","{}"
N107_107_original.jpg,37999,"{}",1,0,"{""name"":""rect"",""x"":172,""y"":191,""width"":282,""height"":107}","{}"
N108_108_original.jpg,19063,"{}",1,0,"{""name"":""rect"",""x"":196,""y"":202,""width"":263,""height"":110}","{}"
N109_109_original.jpg,26815,"{}",1,0,"{""name"":""rect"",""x"":133,""y"":187,""width"":317,""height"":105}","{}"
N110_110_original.jpg,30976,"{}",1,0,"{""name"":""rect"",""x"":172,""y"":195,""width"":288,""height"":90}","{}"
N111_111_original.jpg,42740,"{}",1,0,"{""name"":""rect"",""x"":13,""y"":176,""width"":309,""height"":130}","{}"
N112_112_original.jpg,29906,"{}",1,0,"{""name"":""rect"",""x"":41,""y"":196,""width"":415,""height"":100}","{}"
N113_113_original.jpg,31507,"{}",1,0,"{""name"":""rect"",""x"":202,""y"":192,""width"":236,""height"":98}","{}"
N114_114_original.jpg,30430,"{}",1,0,"{""name"":""rect"",""x"":52,""y"":180,""width"":379,""height"":134}","{}"
N115_115_original.jpg,58538,"{}",1,0,"{""name"":""rect"",""x"":368,""y"":171,""width"":114,""height"":35}","{}"
N116_116_original.jpg,49452,"{}",1,0,"{""name"":""rect"",""x"":67,""y"":197,""width"":335,""height"":88}","{}"
N117_117_original.jpg,63433,"{}",1,0,"{""name"":""rect"",""x"":67,""y"":189,""width"":356,""height"":121}","{}"
N118_118_original.jpg,20238,"{}",1,0,"{""name"":""rect"",""x"":46,""y"":192,""width"":374,""height"":89}","{}"
N119_119_original.jpg,44056,"{}",1,0,"{""name"":""rect"",""x"":25,""y"":204,""width"":397,""height"":80}","{}"
N120_120_original.jpg,23800,"{}",1,0,"{""name"":""rect"",""x"":58,""y"":196,""width"":395,""height"":96}","{}"
N121_121_original.jpg,31974,"{}",1,0,"{""name"":""rect"",""x"":75,""y"":204,""width"":341,""height"":93}","{}"
N122_122_original.jpg,25145,"{}",1,0,"{""name"":""rect"",""x"":46,""y"":210,""width"":425,""height"":74}","{}"
N123_123_original.jpg,33122,"{}",1,0,"{""name"":""rect"",""x"":66,""y"":204,""width"":357,""height"":71}","{}"
N124_124_original.jpg,90167,"{}",1,0,"{""name"":""rect"",""x"":64,""y"":188,""width"":371,""height"":121}","{}"
N125_125_original.jpg,33007,"{}",1,0,"{""name"":""rect"",""x"":21,""y"":184,""width"":419,""height"":79}","{}"
N126_126_original.jpg,31340,"{}",1,0,"{""name"":""rect"",""x"":48,""y"":195,""width"":390,""height"":84}","{}"
N127_127_original.jpg,26594,"{}",1,0,"{""name"":""rect"",""x"":68,""y"":205,""width"":368,""height"":87}","{}"
N128_128_original.jpg,21306,"{}",1,0,"{""name"":""rect"",""x"":62,""y"":204,""width"":354,""height"":83}","{}"
N129_129_original.jpg,34552,"{}",1,0,"{""name"":""rect"",""x"":139,""y"":117,""width"":346,""height"":81}","{}"
N130_130_original.jpg,33853,"{}",1,0,"{""name"":""rect"",""x"":41,""y"":193,""width"":379,""height"":87}","{}"
N131_131_original.jpg,26380,"{}",1,0,"{""name"":""rect"",""x"":56,""y"":168,""width"":359,""height"":127}","{}"
N132_132_original.jpg,30216,"{}",1,0,"{""name"":""rect"",""x"":81,""y"":109,""width"":385,""height"":127}","{}"
N133_133_original.jpg,24736,"{}",1,0,"{""name"":""rect"",""x"":70,""y"":192,""width"":354,""height"":98}","{}"
N134_134_original.jpg,27350,"{}",1,0,"{""name"":""rect"",""x"":47,""y"":189,""width"":382,""height"":109}","{}"
N135_135_original.jpg,36862,"{}",1,0,"{""name"":""rect"",""x"":18,""y"":197,""width"":464,""height"":100}","{}"
N136_136_original.jpg,29031,"{}",1,0,"{""name"":""rect"",""x"":45,""y"":189,""width"":417,""height"":107}","{}"
N137_137_original.jpg,35049,"{}",1,0,"{""name"":""rect"",""x"":64,""y"":202,""width"":339,""height"":98}","{}"
N138_138_original.jpg,54685,"{}",1,0,"{""name"":""rect"",""x"":66,""y"":208,""width"":318,""height"":68}","{}"
N139_139_original.jpg,29037,"{}",1,0,"{""name"":""rect"",""x"":86,""y"":198,""width"":352,""height"":93}","{}"
N140_140_original.jpg,27926,"{}",1,0,"{""name"":""rect"",""x"":40,""y"":196,""width"":385,""height"":93}","{}"
N141_141_original.jpg,49123,"{}",1,0,"{""name"":""rect"",""x"":59,""y"":176,""width"":359,""height"":90}","{}"
N142_142_original.jpg,42615,"{}",1,0,"{""name"":""rect"",""x"":10,""y"":13,""width"":462,""height"":337}","{}"
N143_143_original.jpg,28218,"{}",1,0,"{""name"":""rect"",""x"":45,""y"":203,""width"":361,""height"":93}","{}"
N144_144_original.jpg,70669,"{}",1,0,"{""name"":""rect"",""x"":126,""y"":177,""width"":240,""height"":203}","{}"
N145_145_original.jpg,63454,"{}",1,0,"{""name"":""rect"",""x"":92,""y"":140,""width"":318,""height"":152}","{}"
N146_146_original.jpg,37763,"{}",1,0,"{""name"":""rect"",""x"":39,""y"":178,""width"":398,""height"":109}","{}"
N147_147_original.jpg,23473,"{}",1,0,"{""name"":""rect"",""x"":70,""y"":193,""width"":380,""height"":118}","{}"
N148_148_original.jpg,30740,"{}",1,0,"{""name"":""rect"",""x"":22,""y"":177,""width"":425,""height"":122}","{}"
N149_149_original.jpg,21047,"{}",1,0,"{""name"":""rect"",""x"":57,""y"":241,""width"":383,""height"":115}","{}"
N150_150_original.jpg,25483,"{}",1,0,"{""name"":""rect"",""x"":57,""y"":224,""width"":357,""height"":70}","{}"
N151_151_original.jpg,68278,"{}",1,0,"{""name"":""rect"",""x"":10,""y"":124,""width"":472,""height"":248}","{}"
N152_152_original.jpg,37708,"{}",1,0,"{""name"":""rect"",""x"":45,""y"":208,""width"":357,""height"":91}","{}"
N153_153_original.jpg,24555,"{}",1,0,"{""name"":""rect"",""x"":46,""y"":202,""width"":406,""height"":88}","{}"
N154_154_original.jpg,52869,"{}",1,0,"{""name"":""rect"",""x"":52,""y"":203,""width"":399,""height"":87}","{}"
N155_155_original.jpg,27944,"{}",1,0,"{""name"":""rect"",""x"":103,""y"":217,""width"":275,""height"":73}","{}"
N156_156_original.jpg,44983,"{}",1,0,"{""name"":""rect"",""x"":98,""y"":148,""width"":311,""height"":198}","{}"
N157_157_original.jpg,30439,"{}",1,0,"{""name"":""rect"",""x"":67,""y"":194,""width"":347,""height"":90}","{}"
N158_158_original.jpg,44244,"{}",1,0,"{""name"":""rect"",""x"":78,""y"":193,""width"":342,""height"":79}","{}"
N159_159_original.jpg,68913,"{}",1,0,"{""name"":""rect"",""x"":129,""y"":170,""width"":336,""height"":144}","{}"
N160_160_original.jpg,24997,"{}",1,0,"{""name"":""rect"",""x"":104,""y"":378,""width"":297,""height"":68}","{}"
N161_161_original.jpg,60964,"{}",1,0,"{""name"":""rect"",""x"":130,""y"":169,""width"":328,""height"":143}","{}"
N162_162_original.jpg,29696,"{}",1,0,"{""name"":""rect"",""x"":151,""y"":162,""width"":311,""height"":116}","{}"
N163_163_original.jpg,25364,"{}",1,0,"{""name"":""rect"",""x"":60,""y"":198,""width"":362,""height"":105}","{}"
N164_164_original.jpg,38267,"{}",1,0,"{""name"":""rect"",""x"":26,""y"":173,""width"":452,""height"":148}","{}"
N165_165_original.jpg,36389,"{}",1,0,"{""name"":""rect"",""x"":34,""y"":192,""width"":445,""height"":112}","{}"
N166_166_original.jpg,27704,"{}",1,0,"{""name"":""rect"",""x"":127,""y"":116,""width"":292,""height"":196}","{}"
N167_167_original.jpg,64970,"{}",1,0,"{""name"":""rect"",""x"":71,""y"":110,""width"":323,""height"":308}","{}"
N168_168_original.jpg,39351,"{}",1,0,"{""name"":""rect"",""x"":2,""y"":160,""width"":476,""height"":92}","{}"
N169_169_original.jpg,41957,"{}",1,0,"{""name"":""rect"",""x"":54,""y"":215,""width"":340,""height"":87}","{}"
N170_170_original.jpg,45358,"{}",1,0,"{""name"":""rect"",""x"":123,""y"":218,""width"":256,""height"":68}","{}"
N171_171_original.jpg,36498,"{}",1,0,"{""name"":""rect"",""x"":162,""y"":177,""width"":328,""height"":177}","{}"
N172_172_original.jpg,32038,"{}",1,0,"{""name"":""rect"",""x"":198,""y"":253,""width"":232,""height"":65}","{}"
N173_173_original.jpg,46734,"{}",1,0,"{""name"":""rect"",""x"":62,""y"":236,""width"":388,""height"":56}","{}"
N174_174_horiginal.jpg,59980,"{}",1,0,"{""name"":""rect"",""x"":108,""y"":209,""width"":254,""height"":107}","{}"
N175_175_original.jpg,41401,"{}",1,0,"{""name"":""rect"",""x"":178,""y"":205,""width"":194,""height"":60}","{}"
N176_176_original.jpg,32366,"{}",1,0,"{""name"":""rect"",""x"":116,""y"":158,""width"":323,""height"":270}","{}"
N177_177_original.jpg,65352,"{}",1,0,"{""name"":""rect"",""x"":166,""y"":219,""width"":144,""height"":151}","{}"
N178_178_original.jpg,38062,"{}",1,0,"{""name"":""rect"",""x"":199,""y"":217,""width"":241,""height"":89}","{}"
N179_179_original.jpg,28523,"{}",1,0,"{""name"":""rect"",""x"":206,""y"":204,""width"":242,""height"":84}","{}"
N180_180_original.jpg,40838,"{}",1,0,"{""name"":""rect"",""x"":86,""y"":194,""width"":300,""height"":119}","{}"
N181_181_original.jpg,51965,"{}",1,0,"{""name"":""rect"",""x"":141,""y"":179,""width"":317,""height"":161}","{}"
N182_182_original.jpg,37648,"{}",1,0,"{""name"":""rect"",""x"":134,""y"":220,""width"":301,""height"":92}","{}"
N183_183_original.jpg,40534,"{}",1,0,"{""name"":""rect"",""x"":172,""y"":223,""width"":262,""height"":85}","{}"
N184_184_original.jpg,35923,"{}",1,0,"{""name"":""rect"",""x"":59,""y"":175,""width"":359,""height"":137}","{}"
N185_185_original.jpg,54877,"{}",1,0,"{""name"":""rect"",""x"":143,""y"":224,""width"":293,""height"":143}","{}"
N186_186_original.jpg,28817,"{}",1,0,"{""name"":""rect"",""x"":234,""y"":216,""width"":236,""height"":73}","{}"
N187_187_original.jpg,36995,"{}",1,0,"{""name"":""rect"",""x"":100,""y"":218,""width"":186,""height"":75}","{}"
N188_188_original.jpg,44994,"{}",1,0,"{""name"":""rect"",""x"":119,""y"":188,""width"":315,""height"":134}","{}"
N189_189_original.jpg,48936,"{}",1,0,"{""name"":""rect"",""x"":156,""y"":210,""width"":239,""height"":84}","{}"
N190_190_original.jpg,38458,"{}",1,0,"{""name"":""rect"",""x"":150,""y"":283,""width"":239,""height"":66}","{}"
N191_191_original.jpg,29798,"{}",1,0,"{""name"":""rect"",""x"":171,""y"":203,""width"":231,""height"":68}","{}"
N192_192_original.jpg,44455,"{}",1,0,"{""name"":""rect"",""x"":177,""y"":197,""width"":265,""height"":81}","{}"
N193_193_original.jpg,48266,"{}",1,0,"{""name"":""rect"",""x"":174,""y"":180,""width"":220,""height"":116}","{}"
N194_194_original.jpg,38921,"{}",1,0,"{""name"":""rect"",""x"":179,""y"":197,""width"":227,""height"":99}","{}"
N195_195_original.jpg,33207,"{}",1,0,"{""name"":""rect"",""x"":161,""y"":189,""width"":302,""height"":107}","{}"
N196_196_original.jpg,51860,"{}",1,0,"{""name"":""rect"",""x"":169,""y"":209,""width"":221,""height"":106}","{}"
N197_197_original.jpg,43217,"{}",1,0,"{""name"":""rect"",""x"":150,""y"":177,""width"":283,""height"":130}","{}"
N198_198_original.jpg,31679,"{}",1,0,"{""name"":""rect"",""x"":178,""y"":161,""width"":164,""height"":225}","{}"
N199_199_original.jpg,37214,"{}",1,0,"{""name"":""rect"",""x"":125,""y"":203,""width"":322,""height"":73}","{}"
N200_200_original.jpg,35295,"{}",1,0,"{""name"":""rect"",""x"":54,""y"":103,""width"":409,""height"":273}","{}"
N201_201_original.jpg,40040,"{}",1,0,"{""name"":""rect"",""x"":194,""y"":203,""width"":221,""height"":80}","{}"
N202_202_original.jpg,39161,"{}",1,0,"{""name"":""rect"",""x"":186,""y"":213,""width"":221,""height"":95}","{}"
N203_203_original.jpg,34132,"{}",1,0,"{""name"":""rect"",""x"":218,""y"":196,""width"":218,""height"":136}","{}"
N204_204_original.jpg,35529,"{}",1,0,"{""name"":""rect"",""x"":227,""y"":212,""width"":179,""height"":86}","{}"
N205_205_original.jpg,37028,"{}",1,0,"{""name"":""rect"",""x"":190,""y"":168,""width"":203,""height"":140}","{}"
N206_206_original.jpg,54683,"{}",1,0,"{""name"":""rect"",""x"":202,""y"":167,""width"":150,""height"":147}","{}"
N207_207_original.jpg,54400,"{}",1,0,"{""name"":""rect"",""x"":114,""y"":202,""width"":144,""height"":81}","{}"
N208_208_original.jpg,45890,"{}",1,0,"{""name"":""rect"",""x"":101,""y"":238,""width"":199,""height"":66}","{}"
N209_209_original.jpg,48804,"{}",1,0,"{""name"":""rect"",""x"":41,""y"":210,""width"":243,""height"":101}","{}"
N210_210_original.jpg,43629,"{}",1,0,"{""name"":""rect"",""x"":148,""y"":192,""width"":304,""height"":176}","{}"
N211_211_original.jpg,31524,"{}",1,0,"{""name"":""rect"",""x"":22,""y"":113,""width"":456,""height"":303}","{}"
N212_212_original.jpg,46774,"{}",1,0,"{""name"":""rect"",""x"":128,""y"":151,""width"":362,""height"":205}","{}"
N213_213_original.jpg,38366,"{}",1,0,"{""name"":""rect"",""x"":22,""y"":52,""width"":425,""height"":359}","{}"
N214_214_original.jpg,36737,"{}",1,0,"{""name"":""rect"",""x"":206,""y"":163,""width"":280,""height"":157}","{}"
N215_215_original.jpg,62130,"{}",1,0,"{""name"":""rect"",""x"":155,""y"":210,""width"":317,""height"":113}","{}"
N216_216_original.jpg,25210,"{}",1,0,"{""name"":""rect"",""x"":174,""y"":197,""width"":249,""height"":95}","{}"
N217_217_original.jpg,28813,"{}",1,0,"{""name"":""rect"",""x"":186,""y"":190,""width"":260,""height"":98}","{}"
N218_218_original.jpg,46352,"{}",1,0,"{""name"":""rect"",""x"":40,""y"":74,""width"":426,""height"":330}","{}"
N219_219_original.jpg,28311,"{}",1,0,"{""name"":""rect"",""x"":158,""y"":214,""width"":315,""height"":87}","{}"
N220_220_original.jpg,56357,"{}",1,0,"{""name"":""rect"",""x"":41,""y"":3,""width"":401,""height"":333}","{}"
N221_221_original.jpg,19865,"{}",1,0,"{""name"":""rect"",""x"":43,""y"":43,""width"":431,""height"":419}","{}"
N222_222_original.jpg,39415,"{}",1,0,"{""name"":""rect"",""x"":51,""y"":164,""width"":366,""height"":167}","{}"
N223_223_original.jpg,37724,"{}",1,0,"{""name"":""rect"",""x"":36,""y"":155,""width"":406,""height"":194}","{}"
N224_224_original.jpg,35156,"{}",1,0,"{""name"":""rect"",""x"":94,""y"":212,""width"":310,""height"":79}","{}"
N225_225_original.jpg,29568,"{}",1,0,"{""name"":""rect"",""x"":22,""y"":172,""width"":421,""height"":145}","{}"
N226_226_original.jpg,36235,"{}",1,0,"{""name"":""rect"",""x"":141,""y"":156,""width"":269,""height"":179}","{}"
N227_227_original.jpg,57641,"{}",1,0,"{""name"":""rect"",""x"":67,""y"":188,""width"":379,""height"":128}","{}"
N228_228_original.jpg,53182,"{}",1,0,"{""name"":""rect"",""x"":21,""y"":180,""width"":446,""height"":188}","{}"
N229_229_original.jpg,27690,"{}",1,0,"{""name"":""rect"",""x"":40,""y"":138,""width"":370,""height"":223}","{}"
N230_230_original.jpg,39602,"{}",1,0,"{""name"":""rect"",""x"":61,""y"":182,""width"":399,""height"":97}","{}"
N231_231_original.jpg,36014,"{}",1,0,"{""name"":""rect"",""x"":15,""y"":198,""width"":439,""height"":142}","{}"
N232_232_original.jpg,36310,"{}",1,0,"{""name"":""rect"",""x"":31,""y"":190,""width"":396,""height"":118}","{}"
N233_233_original.jpg,263492,"{}",1,0,"{""name"":""rect"",""x"":56,""y"":186,""width"":366,""height"":114}","{}"
N234_234_original.jpg,35534,"{}",1,0,"{""name"":""rect"",""x"":152,""y"":276,""width"":222,""height"":70}","{}"
N235_235_original.jpg,29045,"{}",1,0,"{""name"":""rect"",""x"":36,""y"":115,""width"":453,""height"":193}","{}"
N236_236_original.jpg,27456,"{}",1,0,"{""name"":""rect"",""x"":65,""y"":169,""width"":393,""height"":151}","{}"
N237_237_original.jpg,40870,"{}",1,0,"{""name"":""rect"",""x"":138,""y"":221,""width"":218,""height"":65}","{}"
N238_238_original.jpg,44051,"{}",1,0,"{""name"":""rect"",""x"":18,""y"":161,""width"":443,""height"":223}","{}"
N239_239_original.jpg,34456,"{}",1,0,"{""name"":""rect"",""x"":42,""y"":172,""width"":374,""height"":168}","{}"
N240_240_original.jpg,31589,"{}",1,0,"{""name"":""rect"",""x"":122,""y"":192,""width"":242,""height"":93}","{}"
N241_241_original.jpg,33362,"{}",1,0,"{""name"":""rect"",""x"":29,""y"":183,""width"":409,""height"":133}","{}"
N242_242_original.jpg,43630,"{}",1,0,"{""name"":""rect"",""x"":12,""y"":192,""width"":455,""height"":132}","{}"
N243_243_original.jpg,32287,"{}",1,0,"{""name"":""rect"",""x"":19,""y"":130,""width"":442,""height"":250}","{}"
N244_244_original.jpg,24909,"{}",1,0,"{""name"":""rect"",""x"":8,""y"":66,""width"":491,""height"":328}","{}"
N245_245_original.jpg,63750,"{}",1,0,"{""name"":""rect"",""x"":42,""y"":177,""width"":384,""height"":146}","{}"
N246_246_original.jpg,24582,"{}",1,0,"{""name"":""rect"",""x"":9,""y"":36,""width"":474,""height"":372}","{}"
N247_247_original.jpg,27612,"{}",1,0,"{""name"":""rect"",""x"":52,""y"":105,""width"":402,""height"":295}","{}"
N248_248_original.jpg,47031,"{}",1,0,"{""name"":""rect"",""x"":1,""y"":36,""width"":478,""height"":404}","{}"
N249_249_original.jpg,18087,"{}",1,0,"{""name"":""rect"",""x"":43,""y"":99,""width"":435,""height"":312}","{}"
N250_250_original.jpg,41804,"{}",1,0,"{""name"":""rect"",""x"":22,""y"":72,""width"":436,""height"":307}","{}"
N251_251_original.jpg,25584,"{}",1,0,"{""name"":""rect"",""x"":26,""y"":146,""width"":427,""height"":202}","{}"
N252_252_original.jpg,21584,"{}",1,0,"{""name"":""rect"",""x"":55,""y"":73,""width"":429,""height"":303}","{}"
N253_253_original.jpg,38848,"{}",1,0,"{""name"":""rect"",""x"":22,""y"":85,""width"":453,""height"":290}","{}"
N254_254_original.jpg,31533,"{}",1,0,"{""name"":""rect"",""x"":9,""y"":55,""width"":446,""height"":365}","{}"
N255_255_original.jpg,23673,"{}",1,0,"{""name"":""rect"",""x"":50,""y"":53,""width"":389,""height"":383}","{}"
N256_256_original.jpg,38881,"{}",1,0,"{""name"":""rect"",""x"":24,""y"":146,""width"":408,""height"":212}","{}"
N257_257_original.jpg,41359,"{}",1,0,"{""name"":""rect"",""x"":53,""y"":212,""width"":396,""height"":84}","{}"
N258_258_original.jpg,39255,"{}",1,0,"{""name"":""rect"",""x"":38,""y"":144,""width"":415,""height"":219}","{}"
N259_259_original.jpg,40741,"{}",1,0,"{""name"":""rect"",""x"":162,""y"":190,""width"":296,""height"":129}","{}"
N260_260_original.jpg,66281,"{}",1,0,"{""name"":""rect"",""x"":23,""y"":64,""width"":426,""height"":340}","{}"
N261_261_original.jpg,63041,"{}",1,0,"{""name"":""rect"",""x"":82,""y"":84,""width"":318,""height"":348}","{}"
N262_262_original.jpg,37940,"{}",1,0,"{""name"":""rect"",""x"":17,""y"":99,""width"":451,""height"":285}","{}"
N263_263_original.jpg,29742,"{}",1,0,"{""name"":""rect"",""x"":18,""y"":23,""width"":459,""height"":409}","{}"
N264_264_original.jpg,38102,"{}",1,0,"{""name"":""rect"",""x"":17,""y"":177,""width"":457,""height"":151}","{}"
N265_265_original.jpg,72604,"{}",1,0,"{""name"":""rect"",""x"":51,""y"":205,""width"":372,""height"":113}","{}"
N266_266_original.jpg,51821,"{}",1,0,"{""name"":""rect"",""x"":33,""y"":121,""width"":405,""height"":299}","{}"
N267_267_original.jpg,68005,"{}",1,0,"{""name"":""rect"",""x"":121,""y"":294,""width"":288,""height"":78}","{}"
N268_268_original.jpg,87973,"{}",1,0,"{""name"":""rect"",""x"":21,""y"":64,""width"":442,""height"":357}","{}"
N269_269_original.jpg,32415,"{}",1,0,"{""name"":""rect"",""x"":230,""y"":205,""width"":218,""height"":97}","{}"
N270_270_original.jpg,35945,"{}",1,0,"{""name"":""rect"",""x"":198,""y"":188,""width"":256,""height"":119}","{}"
N271_271_original.jpg,23838,"{}",1,0,"{""name"":""rect"",""x"":153,""y"":180,""width"":287,""height"":100}","{}"
N272_272_original.jpg,37431,"{}",1,0,"{""name"":""rect"",""x"":148,""y"":197,""width"":337,""height"":115}","{}"
N273_273_original.jpg,61499,"{}",1,0,"{""name"":""rect"",""x"":54,""y"":61,""width"":363,""height"":379}","{}"
N274_274_original.jpg,42728,"{}",1,0,"{""name"":""rect"",""x"":99,""y"":179,""width"":307,""height"":134}","{}"
N275_275_original.jpg,59050,"{}",1,0,"{""name"":""rect"",""x"":51,""y"":184,""width"":386,""height"":272}","{}"
N276_276_original.jpg,40410,"{}",1,0,"{""name"":""rect"",""x"":100,""y"":223,""width"":287,""height"":93}","{}"
N277_277_original.jpg,38851,"{}",1,0,"{""name"":""rect"",""x"":43,""y"":47,""width"":431,""height"":417}","{}"
N278_278_original.jpg,50676,"{}",1,0,"{""name"":""rect"",""x"":190,""y"":215,""width"":267,""height"":65}","{}"
N279_279_original.jpg,37315,"{}",1,0,"{""name"":""rect"",""x"":5,""y"":76,""width"":473,""height"":301}","{}"
N280_280_original.jpg,36355,"{}",1,0,"{""name"":""rect"",""x"":9,""y"":61,""width"":469,""height"":334}","{}"
N281_281_original.jpg,39357,"{}",1,0,"{""name"":""rect"",""x"":6,""y"":15,""width"":476,""height"":416}","{}"
N282_282_original.jpg,69191,"{}",1,0,"{""name"":""rect"",""x"":97,""y"":134,""width"":241,""height"":314}","{}"
N283_283_original.jpg,32684,"{}",1,0,"{""name"":""rect"",""x"":6,""y"":61,""width"":480,""height"":346}","{}"
N284_284_original.jpg,25782,"{}",1,0,"{""name"":""rect"",""x"":14,""y"":235,""width"":468,""height"":93}","{}"
N285_285_original.jpg,31364,"{}",1,0,"{""name"":""rect"",""x"":55,""y"":183,""width"":354,""height"":120}","{}"
N286_286_original.jpg,29934,"{}",1,0,"{""name"":""rect"",""x"":25,""y"":161,""width"":414,""height"":184}","{}"
N287_287_original.jpg,32886,"{}",1,0,"{""name"":""rect"",""x"":30,""y"":178,""width"":416,""height"":118}","{}"
N288_288_original.jpg,30154,"{}",1,0,"{""name"":""rect"",""x"":54,""y"":178,""width"":395,""height"":134}","{}"
N289_289_original.jpg,24162,"{}",1,0,"{""name"":""rect"",""x"":23,""y"":142,""width"":430,""height"":164}","{}"
N290_290_original.jpg,22447,"{}",1,0,"{""name"":""rect"",""x"":114,""y"":160,""width"":302,""height"":136}","{}"