,image_name,city,year,url
0,1 _original.jpg,Birmingham,1914,
1,2 _original.jpg,Birmingham,1917,
2,3 _original.jpg,Birmingham,1901,
3,4 _original.jpg,Sheffield,1901,
4,5 _original.jpg,Birmingham,1904,
5,6 _original.jpg,Chester,1921,
6,7 _original.jpg,Chester,1903,
7,8 _original.jpg,Birmingham,1905,
8,9 _original.jpg,Sheffield,1902,
9,10 _original.jpg,Birmingham,2000,
10,11 _original.jpg,Birmingham,1994,
11,12 _original.jpg,London,1985,
12,13 _original.jpg,Sheffield,2002,
13,14 _original.jpg,Birmingham,1923,
14,15 _original.jpg,Birmingham,1990,
15,16 _original.jpg,London,1970,
16,17 _original.jpg,London,1978,
17,18 _original.jpg,London,1978,
18,19 _original.jpg,Sheffield,1978,
19,20 _original.jpg,Birmingham,1945,
20,21 _original.jpg,Birmingham,1909,
21,22 _original.jpg,London,1990,
22,23 _original.jpg,London,1971,
23,24 _original.jpg,London,1938,
24,25 _original.jpg,London,1978,
25,26 _original.jpg,London,1902,
26,27 _original.jpg,Birmingham,1991,
27,28 _original.jpg,London,2017,
28,29 _original.jpg,Sheffield,2001,
29,30 _original.jpg,Birmingham,1903,
30,31 _original.jpg,London,1978,
31,32 _original.jpg,London,1978,
32,33 _original.jpg,London,1972,
33,34 _original.jpg,London,1982,
34,35 _original.jpg,London,1973,
35,36 _original.jpg,Sheffield,1973,
36,37 _original.jpg,Birmingham,1973,
37,38 _original.jpg,London,1969,
38,39 _original.jpg,Sheffield,1950,
39,40 _original.jpg,Birmingham,1935,
40,41 _original.jpg,London,1932,
41,42 _original.jpg,Sheffield,1953,
42,43 _original.jpg,London,1979,
43,44 _original.jpg,Birmingham,1950,
44,45 _original.jpg,Sheffield,1975,
45,46 _original.jpg,London,1945,
46,47 _original.jpg,Birmingham,1912,
47,48 _original.jpg,Birmingham,1912,
48,49 _original.jpg,Birmingham,1913,
49,50 _original.jpg,Birmingham,1913,
50,51 _original.jpg,Birmingham,1920,
51,52 _original.jpg,Birmingham,1899,
52,53 _original.jpg,Birmingham,1900,
53,54 _original.jpg,Birmingham,1903,
54,55 _original.jpg,Birmingham,1938,
55,56 _original.jpg,Birmingham,1910,
56,57 _original.jpg,Birmingham,1909,
57,58 _original.jpg,Birmingham,1895,
58,59 _original.jpg,Birmingham,2020,
59,60 _original.jpg,Birmingham,1905,
60,61 _original.jpg,Birmingham,1923,
61,62 _original.jpg,Birmingham,1898,
62,63 _original.jpg,Birmingham,1898,
63,64 _original.jpg,Birmingham,1914,
64,65 _original.jpg,Birmingham,1896,
65,66 _original.jpg,Birmingham,1913,
66,67 _original.jpg,Birmingham,1924,
67,68 _original.jpg,Birmingham,1931,
68,69 _original.jpg,Birmingham,1904,
69,70 _original.jpg,Birmingham,1892,
70,71 _original.jpg,London,1838,
71,72 _original.jpg,Birmingham,1892,
72,73 _original.jpg,Birmingham,1899,
73,74 _original.jpg,Birmingham,1909,
74,75 _original.jpg,Birmingham,1906,
75,76 _original.jpg,Birmingham,1938,
76,77 _original.jpg,London,1824,
77,78 _original.jpg,London,1890,
78,79 _original.jpg,Sheffield,1910,
79,80 _original.jpg,Birmingham,1971,
80,81 _original.jpg,Chester,1921,
81,82 _original.jpg,Birmingham,1909,
82,83 _original.jpg,London,1818,
83,84 _original.jpg,London,1741,
84,85 _original.jpg,London,1975,
85,86 _original.jpg,Birmingham,1934,
86,87 _original.jpg,London,1817,
87,88 _original.jpg,Chester,1929,
88,89 _original.jpg,Birmingham,1902,
89,90 _original.jpg,London,1961,
90,91 _original.jpg,Birmingham,1853,
91,92 _original.jpg,Birmingham,1936,
92,93 _original.jpg,Birmingham,1907,
93,94 _original.jpg,London,1823,
94,95 _original.jpg,Birmingham,1922,
95,96 _original.jpg,Sheffield,1899,
96,97 _original.jpg,Sheffield,1973,
97,98 _original.jpg,Birmingham,1913,
98,99 _original.jpg,London,1986,
99,100 _original.jpg,London,1812,
100,101 _original.jpg,London,1805,
101,102 _original.jpg,Dublin,1976,
102,103 _original.jpg,London,1985,
103,104 _original.jpg,Edinburgh,1955,
104,105 _original.jpg,Sheffield,1961,
105,106 _original.jpg,Chester,1909,
106,107 _original.jpg,London,1895,
107,108 _original.jpg,Birmingham,1968,
108,109 _original.jpg,Sheffield,1912,
109,110 _original.jpg,London,1825,
110,111 _original.jpg,London,1825,
111,112 _original.jpg,Sheffield,1919,
112,113 _original.jpg,Sheffield,1924,
113,114 _original.jpg,Sheffield,1930,
114,115 _original.jpg,Birmingham,1917,
115,116 _original.jpg,Birmingham,1901,
116,117 _original.jpg,Birmingham,1913,
117,118 _original.jpg,Birmingham,1941,
118,119 _original.jpg,Birmingham,1928,
119,120 _original.jpg,Newcastle,1829,
120,121 _original.jpg,Newcastle,1829,
121,122 _original.jpg,Chester,1913,
122,123 _original.jpg,Birmingham,1931:,/https://www.ebay.co.uk/itm/Antique
123,124 _original.jpg,Birmingham,1963:,/https://www.ebay.co.uk/itm/Fine
124,125 _original.jpg,Birmingham,1963:,/https://www.ebay.co.uk/itm/Fine
125,126 _original.jpg,Birmingham,1930:,/https://www.ebay.co.uk/itm/Antique
126,127 _original.jpg,London,1927:,/https://www.ebay.co.uk/itm/Art
127,128 _original.jpg,Birmingham,1924:,/https://www.ebay.co.uk/itm/Fine
128,129 _original.jpg,Birmingham,1921:,/https://www.ebay.co.uk/itm/Antique
129,130 _original.jpg,London,1820:,/https://www.ebay.co.uk/itm/GEORGIAN
130,131 _original.jpg,Chester,1929:,/https://www.ebay.co.uk/itm/Antique
131,132 _original.jpg,London,1891:,/https://www.ebay.co.uk/itm/Stunning
132,133 _original.jpg,Birmingham,1936:,/https://www.ebay.co.uk/itm/SOLID
133,134 _original.jpg,Birmingham,1901:,/https://www.ebay.co.uk/itm/SOLID
134,135 _original.jpg,London,1988:,/https://www.ebay.co.uk/itm/ORNATE
135,136 _original.jpg,Birmingham,1981:,/https://www.ebay.co.uk/itm/vintage
136,137 _original.jpg,Birmingham,1901:,/https://www.ebay.co.uk/itm/1901
137,138 _original.jpg,Birmingham,2020:,/https://www.ebay.co.uk/itm/English
138,139 _original.jpg,Birmingham,2005:,/https://www.ebay.co.uk/itm/Vintage
139,140 _original.jpg,Glasgow,1838:,/https://www.ebay.co.uk/itm/Pair
140,141 _original.jpg,Glasgow,1838:,/https://www.ebay.co.uk/itm/Pair
141,142 _original.jpg,Birmingham,1932:,/https://www.ebay.co.uk/itm/A
142,143 _original.jpg,London,1902:,/https://www.ebay.co.uk/itm/LOVELY
143,144 _original.jpg,Birmingham,1932:,/https://www.ebay.co.uk/itm/George
144,145 _original.jpg,London,1952:,/https://www.ebay.co.uk/itm/Silver
145,146 _original.jpg,Birmingham,1936:,/https://www.ebay.co.uk/itm/Vintage
146,147 _original.jpg,London,1926:,/https://www.ebay.co.uk/itm/LOVELY
147,148 _original.jpg,London,1926:,/https://www.ebay.co.uk/itm/LOVELY
148,149 _original.jpg,London,1932:,/https://www.ebay.co.uk/itm/Pair
149,150 _original.jpg,LONDON,1932:,/https://www.ebay.co.uk/itm/ANTIQUE
150,151 _original.jpg,London,1932:,/https://www.ebay.co.uk/itm/A
151,152 _original.jpg,London,1932:,/https://www.ebay.co.uk/itm/Antique
152,153 _original.jpg,London,1932:,/https://www.ebay.co.uk/itm/ANTIQUE
153,154 _original.jpg,London,1932:,/https://www.ebay.co.uk/itm/Silver
154,155 _original.jpg,London,1932:,/https://www.ebay.co.uk/itm/Set
155,156 _original.jpg,London,1932:,/https://www.ebay.co.uk/itm/LARGE
156,157 _original.jpg,London,1932:,/https://www.ebay.co.uk/itm/Superb
157,158 _original.jpg,London,1932:,/https://www.ebay.co.uk/itm/George
158,159 _original.jpg,London,1932:,/https://www.ebay.co.uk/itm/SCOTS
159,160 _original.jpg,Sheffield,1932:,/https://www.ebay.co.uk/itm/Antique
160,161 _original.jpg,London,1916:,/https://www.ebay.co.uk/itm/Antique
161,162 _original.jpg,London,1932:,/https://www.ebay.co.uk/itm/Sterling
162,163 _original.jpg,London,1932:,/https://www.ebay.co.uk/itm/LOVELY
163,164 _original.jpg,London,1932:,/https://www.ebay.co.uk/itm/Sterling
164,165 _original.jpg,London,1932:,/https://www.ebay.co.uk/itm/Antique
165,166 _original.jpg,London,1932:,/https://www.ebay.co.uk/itm/Large
166,167 _original.jpg,London,1932:,/https://www.ebay.co.uk/itm/Large
167,168 _original.jpg,Birmingham,1977:,/https://www.ebay.co.uk/itm/VINTAGE
168,169 _original.jpg,Birmingham,1908:,/https://www.ebay.co.uk/itm/Silver
169,170 _original.jpg,London,1788:,/https://www.ebay.co.uk/itm/Pair
170,171 _original.jpg,London,1788:,/https://www.ebay.co.uk/itm/Pair
171,172 _original.jpg,Sheffield,1912:,/https://www.ebay.co.uk/itm/Cooper
172,173 _original.jpg,Birmingham,1918:,/https://www.ebay.co.uk/itm/Antique
173,174 _original.jpg,Birmingham,1927:,/https://www.ebay.co.uk/itm/Birmingham
174,175 _original.jpg,Birmingham,1971:,/https://www.ebay.co.uk/itm/Hallmarked
175,176 _original.jpg,Birmingham,1972:,/https://www.ebay.co.uk/itm/Hallmarked
176,177 _original.jpg,Sheffield,1931:,/https://www.ebay.co.uk/itm/John
177,178 _original.jpg,Sheffield,1919:,/https://www.ebay.co.uk/itm/Cooper
178,179 _original.jpg,London,1922:,/https://www.ebay.co.uk/itm/LOVELY
179,180 _original.jpg,Sheffield,1927:,/https://www.ebay.co.uk/itm/Solid
180,181 _original.jpg,London,1904:,/https://www.ebay.co.uk/itm/Solid
181,182 _original.jpg,1901,London:,/https://www.ebay.co.uk/itm/Cased
182,183 _original.jpg,Sheffield,1874:,/https://www.ebay.co.uk/itm/Sterling
183,184 _original.jpg,London,1898:,/https://www.ebay.co.uk/itm/SOLID
184,185 _original.jpg,Birmingham,1904:,/https://www.ebay.co.uk/itm/Antique
185,186 _original.jpg,Birmingham,1941:,/https://www.ebay.co.uk/itm/Solid
186,187 _original.jpg,Sheffield,1926:,/https://www.ebay.co.uk/itm/Henry
187,188 _original.jpg,Sheffield,1828:,/https://www.ebay.co.uk/itm/Sterling
188,189 _original.jpg,London,1870:,/https://www.ebay.co.uk/itm/Silver
189,190 _original.jpg,Sheffield,1913:,/https://www.ebay.co.uk/itm/HALLMARKED
190,191 _original.jpg,Birmingham,1902:,/https://www.ebay.co.uk/itm/Gorgeous
191,192 _original.jpg,Birmingham,1949:,/https://www.ebay.co.uk/itm/LOVELY
192,193 _original.jpg,Birmingham,1949:,/https://www.ebay.co.uk/itm/LOVELY
193,194 _original.jpg,London,1910:,/https://www.ebay.co.uk/itm/Solid
194,195 _original.jpg,Sheffield,1940:,/https://www.ebay.co.uk/itm/ANTIQUE
195,196 _original.jpg,Birmingham,1977:,/https://www.ebay.co.uk/itm/VINTAGE
196,197 _original.jpg,Sheffield,1955:,/https://www.ebay.co.uk/itm/VINTAGE
197,198 _original.jpg,Sheffield,1957:,/https://www.ebay.co.uk/itm/VINTAGE
198,199 _original.jpg,Edinburgh,1814:,/https://www.ebay.co.uk/itm/ANTIQUE
199,200 _original.jpg,Birmingham,1977:,/https://www.ebay.co.uk/itm/VINTAGE
200,201 _original.jpg,Birmingham,1925:,/https://www.ebay.co.uk/itm/VINTAGE
201,202 _original.jpg,London,1939:,/https://www.ebay.co.uk/itm/VINTAGE
202,203 _original.jpg,London,1922:,/https://www.ebay.co.uk/itm/VINTAGE
203,204 _original.jpg,Sheffield,1911:,/https://www.ebay.co.uk/itm/ANTIQUE
204,205 _original.jpg,London,1792:,/https://www.ebay.co.uk/itm/GEORGE
205,206 _original.jpg,London,1906:,/https://www.ebay.co.uk/itm/ANTIQUE
206,207 _original.jpg,Sheffield,1896:,/https://www.ebay.co.uk/itm/SET
207,208 _original.jpg,London,1901:,/https://www.ebay.co.uk/itm/PAIR
208,209 _original.jpg,Birmingham,1899:,/https://www.ebay.co.uk/itm/ANTIQUE
209,210 _original.jpg,Birmingham,1814:,/https://www.ebay.co.uk/itm/ANTIQUE
210,211 _original.jpg,Sheffield,1904:,/https://www.ebay.co.uk/itm/ANTIQUE
211,212 _original.jpg,Birmingham,1925:,/https://www.ebay.co.uk/itm/VINTAGE
212,213 _original.jpg,Sheffield,1854:,/https://www.ebay.co.uk/itm/ANTIQUE
213,214 _original.jpg,London,1836:,/https://www.ebay.co.uk/itm/ANTIQUE
214,215 _original.jpg,London,1989:,/https://www.ebay.co.uk/itm/FOUR
215,216 _original.jpg,Birmingham,1968:,/https://www.ebay.co.uk/itm/VINTAGE
216,217 _original.jpg,Sheffield,1917:,/https://www.ebay.co.uk/itm/ANTIQUE
217,218 _original.jpg,London,1827:,/https://www.ebay.co.uk/itm/ANTIQUE
218,219 _original.jpg,Birmingham,1970:,/https://www.ebay.co.uk/itm/VINTAGE
219,220 _original.jpg,Birmingham,1929:,/https://www.ebay.co.uk/itm/VINTAGE
220,221 _original.jpg,London,1938:,/https://www.ebay.co.uk/itm/WWII
221,222 _original.jpg,London,1849:,/https://www.ebay.co.uk/itm/ANTIQUE
222,223 _original.jpg,London,1985:,/https://www.ebay.co.uk/itm/PAIR
223,224 _original.jpg,London,1808:,/https://www.ebay.co.uk/itm/LOVELY
224,225 _original.jpg,Birmingham,1885:,/https://www.ebay.co.uk/itm/LOVELY
225,226 _original.jpg,Birmingham,1924:,/https://www.ebay.co.uk/itm/HALLMARKED
226,227 _original.jpg,London,1834:,/https://www.ebay.co.uk/itm/LOVELY
227,228 _original.jpg,London,1853:,/https://www.ebay.co.uk/itm/HALLMARKED
228,229 _original.jpg,London,1853:,/https://www.ebay.co.uk/itm/HALLMARKED
229,230 _original.jpg,London,2005:,/https://www.ebay.co.uk/itm/LOVELY
230,231 _original.jpg,Sheffield,1897:,/https://www.ebay.co.uk/itm/LOVELY
231,232 _original.jpg,London,2000:,/https://www.ebay.co.uk/itm/LOVELY
232,233 _original.jpg,London,1823:,/https://www.ebay.co.uk/itm/SET
233,234 _original.jpg,London,1823:,/https://www.ebay.co.uk/itm/SET
234,235 _original.jpg,London,1823:,/https://www.ebay.co.uk/itm/SET
235,236 _original.jpg,London,1823:,/https://www.ebay.co.uk/itm/SET
236,237 _original.jpg,Birmingham,1907:,/https://www.ebay.co.uk/itm/LOVELY
237,238 _original.jpg,Birmingham,1909:,/https://www.ebay.co.uk/itm/LOVELY
238,239 _original.jpg,Birmingham,1918:,/https://www.ebay.co.uk/itm/WW1
239,240 _original.jpg,Birmingham,1985:,/https://www.ebay.co.uk/itm/LOVELY
240,241 _original.jpg,London,1841:,/https://www.ebay.co.uk/itm/LOVELY
241,242 _original.jpg,Birmingham,1912:,/https://www.ebay.co.uk/itm/LOVELY
242,243 _original.jpg,Birmingham,1908:,/https://www.ebay.co.uk/itm/LOVELY
243,244 _original.jpg,Sheffield,1914:,/https://www.ebay.co.uk/itm/MATCHING
244,245 _original.jpg,Sheffield,1915:,/https://www.ebay.co.uk/itm/MATCHING
245,246 _original.jpg,London,1975:,/https://www.ebay.co.uk/itm/JOHN
246,247 _original.jpg,Sheffield,1928:,/https://www.ebay.co.uk/itm/LOVELY
247,248 _original.jpg,Sheffield,1928:,/https://www.ebay.co.uk/itm/LOVELY
248,249 _original.jpg,Birmingham,1910:,/https://www.ebay.co.uk/itm/LOVELY
249,250 _original.jpg,Birmingham,1899:,/https://www.ebay.co.uk/itm/VICTORIAN
250,251 _original.jpg,Birmingham,1948:,/https://www.ebay.co.uk/itm/ORIGINAL
251,252 _original.jpg,London,1909:,/https://www.ebay.co.uk/itm/HALLMARKED
252,253 _original.jpg,Birmingham,1989:,/https://www.ebay.co.uk/itm/LOVELY
253,254 _original.jpg,Birmingham,1939:,/https://www.ebay.co.uk/itm/LOVELY
254,255 _original.jpg,London,1909:,/https://www.ebay.co.uk/itm/LOVELY
255,256 _original.jpg,Birmingham,1948:,/https://www.ebay.co.uk/itm/LOVELY
256,257 _original.jpg,Birmingham,1927:,/https://www.ebay.co.uk/itm/HALLMARKED
257,258 _original.jpg,Birmingham,1912:,/https://www.ebay.co.uk/itm/LOVELY
258,259 _original.jpg,London,1899:,/https://www.ebay.co.uk/itm/STUNNING
259,260 _original.jpg,Birmingham,1973:,/https://www.ebay.co.uk/itm/HALLMARKED
260,261 _original.jpg,Birmingham,1890:,/https://www.ebay.co.uk/itm/LOVELY
261,262 _original.jpg,Birmingham,1902:,/https://www.ebay.co.uk/itm/EDWARDIAN
262,263 _original.jpg,Birmingham,1903:,/https://www.ebay.co.uk/itm/EDWARDIAN
263,264 _original.jpg,London,1976:,/https://www.ebay.co.uk/itm/JOHN
264,265 _original.jpg,London,1975:,/https://www.ebay.co.uk/itm/JOHN
265,266 _original.jpg,Birmingham,1902:,/https://www.ebay.co.uk/itm/ART
266,267 _original.jpg,Birmingham,1958:,/https://www.ebay.co.uk/itm/LOVELY
267,268 _original.jpg,London,1905:,/https://www.ebay.co.uk/itm/ARTS
268,269 _original.jpg,London,1975:,/https://www.ebay.co.uk/itm/JOHN
269,270 _original.jpg,London,1976:,/https://www.ebay.co.uk/itm/JOHN
270,271 _original.jpg,London,1976:,/https://www.ebay.co.uk/itm/JOHN
271,272 _original.jpg,London,1907:,/https://www.ebay.co.uk/itm/Antique
272,273 _original.jpg,Birmingham,1936:,/https://www.ebay.co.uk/itm/Solid
273,274 _original.jpg,Birmingham,1936:,/https://www.ebay.co.uk/itm/Solid
274,275 _original.jpg,London,1865:,/https://www.ebay.co.uk/itm/Victorian
275,276 _original.jpg,London,1988:,/https://www.ebay.co.uk/itm/STERLING
276,277 _original.jpg,Sheffield,1927:,/https://www.ebay.co.uk/itm/Silver
277,278 _original.jpg,Sheffield,1927:,/https://www.ebay.co.uk/itm/Silver
278,279 _original.jpg,Sheffield,1972:,/https://www.ebay.co.uk/itm/1972
279,280 _original.jpg,Sheffield,1924:,/https://www.ebay.co.uk/itm/Henry
280,281 _original.jpg,Birmingham,1915:,/https://www.ebay.co.uk/itm/George
281,282 _original.jpg,Birmingham,1932:,/https://www.ebay.co.uk/itm/Swimming
